20150101,1,1,2015,Thursday
20150102,2,1,2015,Friday
20150103,3,1,2015,Saturday
20150104,4,1,2015,Sunday
20150105,5,1,2015,Monday
20150106,6,1,2015,Tuesday
20150107,7,1,2015,Wednesday
20150108,8,1,2015,Thursday
20150109,9,1,2015,Friday
20150110,10,1,2015,Saturday
20150111,11,1,2015,Sunday
20150112,12,1,2015,Monday
20150113,13,1,2015,Tuesday
20150114,14,1,2015,Wednesday
20150115,15,1,2015,Thursday
20150116,16,1,2015,Friday
20150117,17,1,2015,Saturday
20150118,18,1,2015,Sunday
20150119,19,1,2015,Monday
20150120,20,1,2015,Tuesday
20150121,21,1,2015,Wednesday
20150122,22,1,2015,Thursday
20150123,23,1,2015,Friday
20150124,24,1,2015,Saturday
20150125,25,1,2015,Sunday
20150126,26,1,2015,Monday
20150127,27,1,2015,Tuesday
20150128,28,1,2015,Wednesday
20150129,29,1,2015,Thursday
20150130,30,1,2015,Friday
20150131,31,1,2015,Saturday
20150201,1,2,2015,Sunday
20150202,2,2,2015,Monday
20150203,3,2,2015,Tuesday
20150204,4,2,2015,Wednesday
20150205,5,2,2015,Thursday
20150206,6,2,2015,Friday
20150207,7,2,2015,Saturday
20150208,8,2,2015,Sunday
20150209,9,2,2015,Monday
20150210,10,2,2015,Tuesday
20150211,11,2,2015,Wednesday
20150212,12,2,2015,Thursday
20150213,13,2,2015,Friday
20150214,14,2,2015,Saturday
20150215,15,2,2015,Sunday
20150216,16,2,2015,Monday
20150217,17,2,2015,Tuesday
20150218,18,2,2015,Wednesday
20150219,19,2,2015,Thursday
20150220,20,2,2015,Friday
20150221,21,2,2015,Saturday
20150222,22,2,2015,Sunday
20150223,23,2,2015,Monday
20150224,24,2,2015,Tuesday
20150225,25,2,2015,Wednesday
20150226,26,2,2015,Thursday
20150227,27,2,2015,Friday
20150228,28,2,2015,Saturday
20150301,1,3,2015,Sunday
20150302,2,3,2015,Monday
20150303,3,3,2015,Tuesday
20150304,4,3,2015,Wednesday
20150305,5,3,2015,Thursday
20150306,6,3,2015,Friday
20150307,7,3,2015,Saturday
20150308,8,3,2015,Sunday
20150309,9,3,2015,Monday
20150310,10,3,2015,Tuesday
20150311,11,3,2015,Wednesday
20150312,12,3,2015,Thursday
20150313,13,3,2015,Friday
20150314,14,3,2015,Saturday
20150315,15,3,2015,Sunday
20150316,16,3,2015,Monday
20150317,17,3,2015,Tuesday
20150318,18,3,2015,Wednesday
20150319,19,3,2015,Thursday
20150320,20,3,2015,Friday
20150321,21,3,2015,Saturday
20150322,22,3,2015,Sunday
20150323,23,3,2015,Monday
20150324,24,3,2015,Tuesday
20150325,25,3,2015,Wednesday
20150326,26,3,2015,Thursday
20150327,27,3,2015,Friday
20150328,28,3,2015,Saturday
20150329,29,3,2015,Sunday
20150330,30,3,2015,Monday
20150331,31,3,2015,Tuesday
20150401,1,4,2015,Wednesday
20150402,2,4,2015,Thursday
20150403,3,4,2015,Friday
20150404,4,4,2015,Saturday
20150405,5,4,2015,Sunday
20150406,6,4,2015,Monday
20150407,7,4,2015,Tuesday
20150408,8,4,2015,Wednesday
20150409,9,4,2015,Thursday
20150410,10,4,2015,Friday
20150411,11,4,2015,Saturday
20150412,12,4,2015,Sunday
20150413,13,4,2015,Monday
20150414,14,4,2015,Tuesday
20150415,15,4,2015,Wednesday
20150416,16,4,2015,Thursday
20150417,17,4,2015,Friday
20150418,18,4,2015,Saturday
20150419,19,4,2015,Sunday
20150420,20,4,2015,Monday
20150421,21,4,2015,Tuesday
20150422,22,4,2015,Wednesday
20150423,23,4,2015,Thursday
20150424,24,4,2015,Friday
20150425,25,4,2015,Saturday
20150426,26,4,2015,Sunday
20150427,27,4,2015,Monday
20150428,28,4,2015,Tuesday
20150429,29,4,2015,Wednesday
20150430,30,4,2015,Thursday
20150501,1,5,2015,Friday
20150502,2,5,2015,Saturday
20150503,3,5,2015,Sunday
20150504,4,5,2015,Monday
20150505,5,5,2015,Tuesday
20150506,6,5,2015,Wednesday
20150507,7,5,2015,Thursday
20150508,8,5,2015,Friday
20150509,9,5,2015,Saturday
20150510,10,5,2015,Sunday
20150511,11,5,2015,Monday
20150512,12,5,2015,Tuesday
20150513,13,5,2015,Wednesday
20150514,14,5,2015,Thursday
20150515,15,5,2015,Friday
20150516,16,5,2015,Saturday
20150517,17,5,2015,Sunday
20150518,18,5,2015,Monday
20150519,19,5,2015,Tuesday
20150520,20,5,2015,Wednesday
20150521,21,5,2015,Thursday
20150522,22,5,2015,Friday
20150523,23,5,2015,Saturday
20150524,24,5,2015,Sunday
20150525,25,5,2015,Monday
20150526,26,5,2015,Tuesday
20150527,27,5,2015,Wednesday
20150528,28,5,2015,Thursday
20150529,29,5,2015,Friday
20150530,30,5,2015,Saturday
20150531,31,5,2015,Sunday
20150601,1,6,2015,Monday
20150602,2,6,2015,Tuesday
20150603,3,6,2015,Wednesday
20150604,4,6,2015,Thursday
20150605,5,6,2015,Friday
20150606,6,6,2015,Saturday
20150607,7,6,2015,Sunday
20150608,8,6,2015,Monday
20150609,9,6,2015,Tuesday
20150610,10,6,2015,Wednesday
20150611,11,6,2015,Thursday
20150612,12,6,2015,Friday
20150613,13,6,2015,Saturday
20150614,14,6,2015,Sunday
20150615,15,6,2015,Monday
20150616,16,6,2015,Tuesday
20150617,17,6,2015,Wednesday
20150618,18,6,2015,Thursday
20150619,19,6,2015,Friday
20150620,20,6,2015,Saturday
20150621,21,6,2015,Sunday
20150622,22,6,2015,Monday
20150623,23,6,2015,Tuesday
20150624,24,6,2015,Wednesday
20150625,25,6,2015,Thursday
20150626,26,6,2015,Friday
20150627,27,6,2015,Saturday
20150628,28,6,2015,Sunday
20150629,29,6,2015,Monday
20150630,30,6,2015,Tuesday
20150701,1,7,2015,Wednesday
20150702,2,7,2015,Thursday
20150703,3,7,2015,Friday
20150704,4,7,2015,Saturday
20150705,5,7,2015,Sunday
20150706,6,7,2015,Monday
20150707,7,7,2015,Tuesday
20150708,8,7,2015,Wednesday
20150709,9,7,2015,Thursday
20150710,10,7,2015,Friday
20150711,11,7,2015,Saturday
20150712,12,7,2015,Sunday
20150713,13,7,2015,Monday
20150714,14,7,2015,Tuesday
20150715,15,7,2015,Wednesday
20150716,16,7,2015,Thursday
20150717,17,7,2015,Friday
20150718,18,7,2015,Saturday
20150719,19,7,2015,Sunday
20150720,20,7,2015,Monday
20150721,21,7,2015,Tuesday
20150722,22,7,2015,Wednesday
20150723,23,7,2015,Thursday
20150724,24,7,2015,Friday
20150725,25,7,2015,Saturday
20150726,26,7,2015,Sunday
20150727,27,7,2015,Monday
20150728,28,7,2015,Tuesday
20150729,29,7,2015,Wednesday
20150730,30,7,2015,Thursday
20150731,31,7,2015,Friday
20150801,1,8,2015,Saturday
20150802,2,8,2015,Sunday
20150803,3,8,2015,Monday
20150804,4,8,2015,Tuesday
20150805,5,8,2015,Wednesday
20150806,6,8,2015,Thursday
20150807,7,8,2015,Friday
20150808,8,8,2015,Saturday
20150809,9,8,2015,Sunday
20150810,10,8,2015,Monday
20150811,11,8,2015,Tuesday
20150812,12,8,2015,Wednesday
20150813,13,8,2015,Thursday
20150814,14,8,2015,Friday
20150815,15,8,2015,Saturday
20150816,16,8,2015,Sunday
20150817,17,8,2015,Monday
20150818,18,8,2015,Tuesday
20150819,19,8,2015,Wednesday
20150820,20,8,2015,Thursday
20150821,21,8,2015,Friday
20150822,22,8,2015,Saturday
20150823,23,8,2015,Sunday
20150824,24,8,2015,Monday
20150825,25,8,2015,Tuesday
20150826,26,8,2015,Wednesday
20150827,27,8,2015,Thursday
20150828,28,8,2015,Friday
20150829,29,8,2015,Saturday
20150830,30,8,2015,Sunday
20150831,31,8,2015,Monday
20150901,1,9,2015,Tuesday
20150902,2,9,2015,Wednesday
20150903,3,9,2015,Thursday
20150904,4,9,2015,Friday
20150905,5,9,2015,Saturday
20150906,6,9,2015,Sunday
20150907,7,9,2015,Monday
20150908,8,9,2015,Tuesday
20150909,9,9,2015,Wednesday
20150910,10,9,2015,Thursday
20150911,11,9,2015,Friday
20150912,12,9,2015,Saturday
20150913,13,9,2015,Sunday
20150914,14,9,2015,Monday
20150915,15,9,2015,Tuesday
20150916,16,9,2015,Wednesday
20150917,17,9,2015,Thursday
20150918,18,9,2015,Friday
20150919,19,9,2015,Saturday
20150920,20,9,2015,Sunday
20150921,21,9,2015,Monday
20150922,22,9,2015,Tuesday
20150923,23,9,2015,Wednesday
20150924,24,9,2015,Thursday
20150925,25,9,2015,Friday
20150926,26,9,2015,Saturday
20150927,27,9,2015,Sunday
20150928,28,9,2015,Monday
20150929,29,9,2015,Tuesday
20150930,30,9,2015,Wednesday
20151001,1,10,2015,Thursday
20151002,2,10,2015,Friday
20151003,3,10,2015,Saturday
20151004,4,10,2015,Sunday
20151005,5,10,2015,Monday
20151006,6,10,2015,Tuesday
20151007,7,10,2015,Wednesday
20151008,8,10,2015,Thursday
20151009,9,10,2015,Friday
20151010,10,10,2015,Saturday
20151011,11,10,2015,Sunday
20151012,12,10,2015,Monday
20151013,13,10,2015,Tuesday
20151014,14,10,2015,Wednesday
20151015,15,10,2015,Thursday
20151016,16,10,2015,Friday
20151017,17,10,2015,Saturday
20151018,18,10,2015,Sunday
20151019,19,10,2015,Monday
20151020,20,10,2015,Tuesday
20151021,21,10,2015,Wednesday
20151022,22,10,2015,Thursday
20151023,23,10,2015,Friday
20151024,24,10,2015,Saturday
20151025,25,10,2015,Sunday
20151026,26,10,2015,Monday
20151027,27,10,2015,Tuesday
20151028,28,10,2015,Wednesday
20151029,29,10,2015,Thursday
20151030,30,10,2015,Friday
20151031,31,10,2015,Saturday
20151101,1,11,2015,Sunday
20151102,2,11,2015,Monday
20151103,3,11,2015,Tuesday
20151104,4,11,2015,Wednesday
20151105,5,11,2015,Thursday
20151106,6,11,2015,Friday
20151107,7,11,2015,Saturday
20151108,8,11,2015,Sunday
20151109,9,11,2015,Monday
20151110,10,11,2015,Tuesday
20151111,11,11,2015,Wednesday
20151112,12,11,2015,Thursday
20151113,13,11,2015,Friday
20151114,14,11,2015,Saturday
20151115,15,11,2015,Sunday
20151116,16,11,2015,Monday
20151117,17,11,2015,Tuesday
20151118,18,11,2015,Wednesday
20151119,19,11,2015,Thursday
20151120,20,11,2015,Friday
20151121,21,11,2015,Saturday
20151122,22,11,2015,Sunday
20151123,23,11,2015,Monday
20151124,24,11,2015,Tuesday
20151125,25,11,2015,Wednesday
20151126,26,11,2015,Thursday
20151127,27,11,2015,Friday
20151128,28,11,2015,Saturday
20151129,29,11,2015,Sunday
20151130,30,11,2015,Monday
20151201,1,12,2015,Tuesday
20151202,2,12,2015,Wednesday
20151203,3,12,2015,Thursday
20151204,4,12,2015,Friday
20151205,5,12,2015,Saturday
20151206,6,12,2015,Sunday
20151207,7,12,2015,Monday
20151208,8,12,2015,Tuesday
20151209,9,12,2015,Wednesday
20151210,10,12,2015,Thursday
20151211,11,12,2015,Friday
20151212,12,12,2015,Saturday
20151213,13,12,2015,Sunday
20151214,14,12,2015,Monday
20151215,15,12,2015,Tuesday
20151216,16,12,2015,Wednesday
20151217,17,12,2015,Thursday
20151218,18,12,2015,Friday
20151219,19,12,2015,Saturday
20151220,20,12,2015,Sunday
20151221,21,12,2015,Monday
20151222,22,12,2015,Tuesday
20151223,23,12,2015,Wednesday
20151224,24,12,2015,Thursday
20151225,25,12,2015,Friday
20151226,26,12,2015,Saturday
20151227,27,12,2015,Sunday
20151228,28,12,2015,Monday
20151229,29,12,2015,Tuesday
20151230,30,12,2015,Wednesday
20151231,31,12,2015,Thursday
20160101,1,1,2016,Friday
20160102,2,1,2016,Saturday
20160103,3,1,2016,Sunday
20160104,4,1,2016,Monday
20160105,5,1,2016,Tuesday
20160106,6,1,2016,Wednesday
20160107,7,1,2016,Thursday
20160108,8,1,2016,Friday
20160109,9,1,2016,Saturday
20160110,10,1,2016,Sunday
20160111,11,1,2016,Monday
20160112,12,1,2016,Tuesday
20160113,13,1,2016,Wednesday
20160114,14,1,2016,Thursday
20160115,15,1,2016,Friday
20160116,16,1,2016,Saturday
20160117,17,1,2016,Sunday
20160118,18,1,2016,Monday
20160119,19,1,2016,Tuesday
20160120,20,1,2016,Wednesday
20160121,21,1,2016,Thursday
20160122,22,1,2016,Friday
20160123,23,1,2016,Saturday
20160124,24,1,2016,Sunday
20160125,25,1,2016,Monday
20160126,26,1,2016,Tuesday
20160127,27,1,2016,Wednesday
20160128,28,1,2016,Thursday
20160129,29,1,2016,Friday
20160130,30,1,2016,Saturday
20160131,31,1,2016,Sunday
20160201,1,2,2016,Monday
20160202,2,2,2016,Tuesday
20160203,3,2,2016,Wednesday
20160204,4,2,2016,Thursday
20160205,5,2,2016,Friday
20160206,6,2,2016,Saturday
20160207,7,2,2016,Sunday
20160208,8,2,2016,Monday
20160209,9,2,2016,Tuesday
20160210,10,2,2016,Wednesday
20160211,11,2,2016,Thursday
20160212,12,2,2016,Friday
20160213,13,2,2016,Saturday
20160214,14,2,2016,Sunday
20160215,15,2,2016,Monday
20160216,16,2,2016,Tuesday
20160217,17,2,2016,Wednesday
20160218,18,2,2016,Thursday
20160219,19,2,2016,Friday
20160220,20,2,2016,Saturday
20160221,21,2,2016,Sunday
20160222,22,2,2016,Monday
20160223,23,2,2016,Tuesday
20160224,24,2,2016,Wednesday
20160225,25,2,2016,Thursday
20160226,26,2,2016,Friday
20160227,27,2,2016,Saturday
20160228,28,2,2016,Sunday
20160229,29,2,2016,Monday
20160301,1,3,2016,Tuesday
20160302,2,3,2016,Wednesday
20160303,3,3,2016,Thursday
20160304,4,3,2016,Friday
20160305,5,3,2016,Saturday
20160306,6,3,2016,Sunday
20160307,7,3,2016,Monday
20160308,8,3,2016,Tuesday
20160309,9,3,2016,Wednesday
20160310,10,3,2016,Thursday
20160311,11,3,2016,Friday
20160312,12,3,2016,Saturday
20160313,13,3,2016,Sunday
20160314,14,3,2016,Monday
20160315,15,3,2016,Tuesday
20160316,16,3,2016,Wednesday
20160317,17,3,2016,Thursday
20160318,18,3,2016,Friday
20160319,19,3,2016,Saturday
20160320,20,3,2016,Sunday
20160321,21,3,2016,Monday
20160322,22,3,2016,Tuesday
20160323,23,3,2016,Wednesday
20160324,24,3,2016,Thursday
20160325,25,3,2016,Friday
20160326,26,3,2016,Saturday
20160327,27,3,2016,Sunday
20160328,28,3,2016,Monday
20160329,29,3,2016,Tuesday
20160330,30,3,2016,Wednesday
20160331,31,3,2016,Thursday
20160401,1,4,2016,Friday
20160402,2,4,2016,Saturday
20160403,3,4,2016,Sunday
20160404,4,4,2016,Monday
20160405,5,4,2016,Tuesday
20160406,6,4,2016,Wednesday
20160407,7,4,2016,Thursday
20160408,8,4,2016,Friday
20160409,9,4,2016,Saturday
20160410,10,4,2016,Sunday
20160411,11,4,2016,Monday
20160412,12,4,2016,Tuesday
20160413,13,4,2016,Wednesday
20160414,14,4,2016,Thursday
20160415,15,4,2016,Friday
20160416,16,4,2016,Saturday
20160417,17,4,2016,Sunday
20160418,18,4,2016,Monday
20160419,19,4,2016,Tuesday
20160420,20,4,2016,Wednesday
20160421,21,4,2016,Thursday
20160422,22,4,2016,Friday
20160423,23,4,2016,Saturday
20160424,24,4,2016,Sunday
20160425,25,4,2016,Monday
20160426,26,4,2016,Tuesday
20160427,27,4,2016,Wednesday
20160428,28,4,2016,Thursday
20160429,29,4,2016,Friday
20160430,30,4,2016,Saturday
20160501,1,5,2016,Sunday
20160502,2,5,2016,Monday
20160503,3,5,2016,Tuesday
20160504,4,5,2016,Wednesday
20160505,5,5,2016,Thursday
20160506,6,5,2016,Friday
20160507,7,5,2016,Saturday
20160508,8,5,2016,Sunday
20160509,9,5,2016,Monday
20160510,10,5,2016,Tuesday
20160511,11,5,2016,Wednesday
20160512,12,5,2016,Thursday
20160513,13,5,2016,Friday
20160514,14,5,2016,Saturday
20160515,15,5,2016,Sunday
20160516,16,5,2016,Monday
20160517,17,5,2016,Tuesday
20160518,18,5,2016,Wednesday
20160519,19,5,2016,Thursday
20160520,20,5,2016,Friday
20160521,21,5,2016,Saturday
20160522,22,5,2016,Sunday
20160523,23,5,2016,Monday
20160524,24,5,2016,Tuesday
20160525,25,5,2016,Wednesday
20160526,26,5,2016,Thursday
20160527,27,5,2016,Friday
20160528,28,5,2016,Saturday
20160529,29,5,2016,Sunday
20160530,30,5,2016,Monday
20160531,31,5,2016,Tuesday
20160601,1,6,2016,Wednesday
20160602,2,6,2016,Thursday
20160603,3,6,2016,Friday
20160604,4,6,2016,Saturday
20160605,5,6,2016,Sunday
20160606,6,6,2016,Monday
20160607,7,6,2016,Tuesday
20160608,8,6,2016,Wednesday
20160609,9,6,2016,Thursday
20160610,10,6,2016,Friday
20160611,11,6,2016,Saturday
20160612,12,6,2016,Sunday
20160613,13,6,2016,Monday
20160614,14,6,2016,Tuesday
20160615,15,6,2016,Wednesday
20160616,16,6,2016,Thursday
20160617,17,6,2016,Friday
20160618,18,6,2016,Saturday
20160619,19,6,2016,Sunday
20160620,20,6,2016,Monday
20160621,21,6,2016,Tuesday
20160622,22,6,2016,Wednesday
20160623,23,6,2016,Thursday
20160624,24,6,2016,Friday
20160625,25,6,2016,Saturday
20160626,26,6,2016,Sunday
20160627,27,6,2016,Monday
20160628,28,6,2016,Tuesday
20160629,29,6,2016,Wednesday
20160630,30,6,2016,Thursday
20160701,1,7,2016,Friday
20160702,2,7,2016,Saturday
20160703,3,7,2016,Sunday
20160704,4,7,2016,Monday
20160705,5,7,2016,Tuesday
20160706,6,7,2016,Wednesday
20160707,7,7,2016,Thursday
20160708,8,7,2016,Friday
20160709,9,7,2016,Saturday
20160710,10,7,2016,Sunday
20160711,11,7,2016,Monday
20160712,12,7,2016,Tuesday
20160713,13,7,2016,Wednesday
20160714,14,7,2016,Thursday
20160715,15,7,2016,Friday
20160716,16,7,2016,Saturday
20160717,17,7,2016,Sunday
20160718,18,7,2016,Monday
20160719,19,7,2016,Tuesday
20160720,20,7,2016,Wednesday
20160721,21,7,2016,Thursday
20160722,22,7,2016,Friday
20160723,23,7,2016,Saturday
20160724,24,7,2016,Sunday
20160725,25,7,2016,Monday
20160726,26,7,2016,Tuesday
20160727,27,7,2016,Wednesday
20160728,28,7,2016,Thursday
20160729,29,7,2016,Friday
20160730,30,7,2016,Saturday
20160731,31,7,2016,Sunday
20160801,1,8,2016,Monday
20160802,2,8,2016,Tuesday
20160803,3,8,2016,Wednesday
20160804,4,8,2016,Thursday
20160805,5,8,2016,Friday
20160806,6,8,2016,Saturday
20160807,7,8,2016,Sunday
20160808,8,8,2016,Monday
20160809,9,8,2016,Tuesday
20160810,10,8,2016,Wednesday
20160811,11,8,2016,Thursday
20160812,12,8,2016,Friday
20160813,13,8,2016,Saturday
20160814,14,8,2016,Sunday
20160815,15,8,2016,Monday
20160816,16,8,2016,Tuesday
20160817,17,8,2016,Wednesday
20160818,18,8,2016,Thursday
20160819,19,8,2016,Friday
20160820,20,8,2016,Saturday
20160821,21,8,2016,Sunday
20160822,22,8,2016,Monday
20160823,23,8,2016,Tuesday
20160824,24,8,2016,Wednesday
20160825,25,8,2016,Thursday
20160826,26,8,2016,Friday
20160827,27,8,2016,Saturday
20160828,28,8,2016,Sunday
20160829,29,8,2016,Monday
20160830,30,8,2016,Tuesday
20160831,31,8,2016,Wednesday
20160901,1,9,2016,Thursday
20160902,2,9,2016,Friday
20160903,3,9,2016,Saturday
20160904,4,9,2016,Sunday
20160905,5,9,2016,Monday
20160906,6,9,2016,Tuesday
20160907,7,9,2016,Wednesday
20160908,8,9,2016,Thursday
20160909,9,9,2016,Friday
20160910,10,9,2016,Saturday
20160911,11,9,2016,Sunday
20160912,12,9,2016,Monday
20160913,13,9,2016,Tuesday
20160914,14,9,2016,Wednesday
20160915,15,9,2016,Thursday
20160916,16,9,2016,Friday
20160917,17,9,2016,Saturday
20160918,18,9,2016,Sunday
20160919,19,9,2016,Monday
20160920,20,9,2016,Tuesday
20160921,21,9,2016,Wednesday
20160922,22,9,2016,Thursday
20160923,23,9,2016,Friday
20160924,24,9,2016,Saturday
20160925,25,9,2016,Sunday
20160926,26,9,2016,Monday
20160927,27,9,2016,Tuesday
20160928,28,9,2016,Wednesday
20160929,29,9,2016,Thursday
20160930,30,9,2016,Friday
20161001,1,10,2016,Saturday
20161002,2,10,2016,Sunday
20161003,3,10,2016,Monday
20161004,4,10,2016,Tuesday
20161005,5,10,2016,Wednesday
20161006,6,10,2016,Thursday
20161007,7,10,2016,Friday
20161008,8,10,2016,Saturday
20161009,9,10,2016,Sunday
20161010,10,10,2016,Monday
20161011,11,10,2016,Tuesday
20161012,12,10,2016,Wednesday
20161013,13,10,2016,Thursday
20161014,14,10,2016,Friday
20161015,15,10,2016,Saturday
20161016,16,10,2016,Sunday
20161017,17,10,2016,Monday
20161018,18,10,2016,Tuesday
20161019,19,10,2016,Wednesday
20161020,20,10,2016,Thursday
20161021,21,10,2016,Friday
20161022,22,10,2016,Saturday
20161023,23,10,2016,Sunday
20161024,24,10,2016,Monday
20161025,25,10,2016,Tuesday
20161026,26,10,2016,Wednesday
20161027,27,10,2016,Thursday
20161028,28,10,2016,Friday
20161029,29,10,2016,Saturday
20161030,30,10,2016,Sunday
20161031,31,10,2016,Monday
20161101,1,11,2016,Tuesday
20161102,2,11,2016,Wednesday
20161103,3,11,2016,Thursday
20161104,4,11,2016,Friday
20161105,5,11,2016,Saturday
20161106,6,11,2016,Sunday
20161107,7,11,2016,Monday
20161108,8,11,2016,Tuesday
20161109,9,11,2016,Wednesday
20161110,10,11,2016,Thursday
20161111,11,11,2016,Friday
20161112,12,11,2016,Saturday
20161113,13,11,2016,Sunday
20161114,14,11,2016,Monday
20161115,15,11,2016,Tuesday
20161116,16,11,2016,Wednesday
20161117,17,11,2016,Thursday
20161118,18,11,2016,Friday
20161119,19,11,2016,Saturday
20161120,20,11,2016,Sunday
20161121,21,11,2016,Monday
20161122,22,11,2016,Tuesday
20161123,23,11,2016,Wednesday
20161124,24,11,2016,Thursday
20161125,25,11,2016,Friday
20161126,26,11,2016,Saturday
20161127,27,11,2016,Sunday
20161128,28,11,2016,Monday
20161129,29,11,2016,Tuesday
20161130,30,11,2016,Wednesday
20161201,1,12,2016,Thursday
20161202,2,12,2016,Friday
20161203,3,12,2016,Saturday
20161204,4,12,2016,Sunday
20161205,5,12,2016,Monday
20161206,6,12,2016,Tuesday
20161207,7,12,2016,Wednesday
20161208,8,12,2016,Thursday
20161209,9,12,2016,Friday
20161210,10,12,2016,Saturday
20161211,11,12,2016,Sunday
20161212,12,12,2016,Monday
20161213,13,12,2016,Tuesday
20161214,14,12,2016,Wednesday
20161215,15,12,2016,Thursday
20161216,16,12,2016,Friday
20161217,17,12,2016,Saturday
20161218,18,12,2016,Sunday
20161219,19,12,2016,Monday
20161220,20,12,2016,Tuesday
20161221,21,12,2016,Wednesday
20161222,22,12,2016,Thursday
20161223,23,12,2016,Friday
20161224,24,12,2016,Saturday
20161225,25,12,2016,Sunday
20161226,26,12,2016,Monday
20161227,27,12,2016,Tuesday
20161228,28,12,2016,Wednesday
20161229,29,12,2016,Thursday
20161230,30,12,2016,Friday
20161231,31,12,2016,Saturday
20170101,1,1,2017,Sunday
20170102,2,1,2017,Monday
20170103,3,1,2017,Tuesday
20170104,4,1,2017,Wednesday
20170105,5,1,2017,Thursday
20170106,6,1,2017,Friday
20170107,7,1,2017,Saturday
20170108,8,1,2017,Sunday
20170109,9,1,2017,Monday
20170110,10,1,2017,Tuesday
20170111,11,1,2017,Wednesday
20170112,12,1,2017,Thursday
20170113,13,1,2017,Friday
20170114,14,1,2017,Saturday
20170115,15,1,2017,Sunday
20170116,16,1,2017,Monday
20170117,17,1,2017,Tuesday
20170118,18,1,2017,Wednesday
20170119,19,1,2017,Thursday
20170120,20,1,2017,Friday
20170121,21,1,2017,Saturday
20170122,22,1,2017,Sunday
20170123,23,1,2017,Monday
20170124,24,1,2017,Tuesday
20170125,25,1,2017,Wednesday
20170126,26,1,2017,Thursday
20170127,27,1,2017,Friday
20170128,28,1,2017,Saturday
20170129,29,1,2017,Sunday
20170130,30,1,2017,Monday
20170131,31,1,2017,Tuesday
20170201,1,2,2017,Wednesday
20170202,2,2,2017,Thursday
20170203,3,2,2017,Friday
20170204,4,2,2017,Saturday
20170205,5,2,2017,Sunday
20170206,6,2,2017,Monday
20170207,7,2,2017,Tuesday
20170208,8,2,2017,Wednesday
20170209,9,2,2017,Thursday
20170210,10,2,2017,Friday
20170211,11,2,2017,Saturday
20170212,12,2,2017,Sunday
20170213,13,2,2017,Monday
20170214,14,2,2017,Tuesday
20170215,15,2,2017,Wednesday
20170216,16,2,2017,Thursday
20170217,17,2,2017,Friday
20170218,18,2,2017,Saturday
20170219,19,2,2017,Sunday
20170220,20,2,2017,Monday
20170221,21,2,2017,Tuesday
20170222,22,2,2017,Wednesday
20170223,23,2,2017,Thursday
20170224,24,2,2017,Friday
20170225,25,2,2017,Saturday
20170226,26,2,2017,Sunday
20170227,27,2,2017,Monday
20170228,28,2,2017,Tuesday
20170301,1,3,2017,Wednesday
20170302,2,3,2017,Thursday
20170303,3,3,2017,Friday
20170304,4,3,2017,Saturday
20170305,5,3,2017,Sunday
20170306,6,3,2017,Monday
20170307,7,3,2017,Tuesday
20170308,8,3,2017,Wednesday
20170309,9,3,2017,Thursday
20170310,10,3,2017,Friday
20170311,11,3,2017,Saturday
20170312,12,3,2017,Sunday
20170313,13,3,2017,Monday
20170314,14,3,2017,Tuesday
20170315,15,3,2017,Wednesday
20170316,16,3,2017,Thursday
20170317,17,3,2017,Friday
20170318,18,3,2017,Saturday
20170319,19,3,2017,Sunday
20170320,20,3,2017,Monday
20170321,21,3,2017,Tuesday
20170322,22,3,2017,Wednesday
20170323,23,3,2017,Thursday
20170324,24,3,2017,Friday
20170325,25,3,2017,Saturday
20170326,26,3,2017,Sunday
20170327,27,3,2017,Monday
20170328,28,3,2017,Tuesday
20170329,29,3,2017,Wednesday
20170330,30,3,2017,Thursday
20170331,31,3,2017,Friday
20170401,1,4,2017,Saturday
20170402,2,4,2017,Sunday
20170403,3,4,2017,Monday
20170404,4,4,2017,Tuesday
20170405,5,4,2017,Wednesday
20170406,6,4,2017,Thursday
20170407,7,4,2017,Friday
20170408,8,4,2017,Saturday
20170409,9,4,2017,Sunday
20170410,10,4,2017,Monday
20170411,11,4,2017,Tuesday
20170412,12,4,2017,Wednesday
20170413,13,4,2017,Thursday
20170414,14,4,2017,Friday
20170415,15,4,2017,Saturday
20170416,16,4,2017,Sunday
20170417,17,4,2017,Monday
20170418,18,4,2017,Tuesday
20170419,19,4,2017,Wednesday
20170420,20,4,2017,Thursday
20170421,21,4,2017,Friday
20170422,22,4,2017,Saturday
20170423,23,4,2017,Sunday
20170424,24,4,2017,Monday
20170425,25,4,2017,Tuesday
20170426,26,4,2017,Wednesday
20170427,27,4,2017,Thursday
20170428,28,4,2017,Friday
20170429,29,4,2017,Saturday
20170430,30,4,2017,Sunday
20170501,1,5,2017,Monday
20170502,2,5,2017,Tuesday
20170503,3,5,2017,Wednesday
20170504,4,5,2017,Thursday
20170505,5,5,2017,Friday
20170506,6,5,2017,Saturday
20170507,7,5,2017,Sunday
20170508,8,5,2017,Monday
20170509,9,5,2017,Tuesday
20170510,10,5,2017,Wednesday
20170511,11,5,2017,Thursday
20170512,12,5,2017,Friday
20170513,13,5,2017,Saturday
20170514,14,5,2017,Sunday
20170515,15,5,2017,Monday
20170516,16,5,2017,Tuesday
20170517,17,5,2017,Wednesday
20170518,18,5,2017,Thursday
20170519,19,5,2017,Friday
20170520,20,5,2017,Saturday
20170521,21,5,2017,Sunday
20170522,22,5,2017,Monday
20170523,23,5,2017,Tuesday
20170524,24,5,2017,Wednesday
20170525,25,5,2017,Thursday
20170526,26,5,2017,Friday
20170527,27,5,2017,Saturday
20170528,28,5,2017,Sunday
20170529,29,5,2017,Monday
20170530,30,5,2017,Tuesday
20170531,31,5,2017,Wednesday
20170601,1,6,2017,Thursday
20170602,2,6,2017,Friday
20170603,3,6,2017,Saturday
20170604,4,6,2017,Sunday
20170605,5,6,2017,Monday
20170606,6,6,2017,Tuesday
20170607,7,6,2017,Wednesday
20170608,8,6,2017,Thursday
20170609,9,6,2017,Friday
20170610,10,6,2017,Saturday
20170611,11,6,2017,Sunday
20170612,12,6,2017,Monday
20170613,13,6,2017,Tuesday
20170614,14,6,2017,Wednesday
20170615,15,6,2017,Thursday
20170616,16,6,2017,Friday
20170617,17,6,2017,Saturday
20170618,18,6,2017,Sunday
20170619,19,6,2017,Monday
20170620,20,6,2017,Tuesday
20170621,21,6,2017,Wednesday
20170622,22,6,2017,Thursday
20170623,23,6,2017,Friday
20170624,24,6,2017,Saturday
20170625,25,6,2017,Sunday
20170626,26,6,2017,Monday
20170627,27,6,2017,Tuesday
20170628,28,6,2017,Wednesday
20170629,29,6,2017,Thursday
20170630,30,6,2017,Friday
20170701,1,7,2017,Saturday
20170702,2,7,2017,Sunday
20170703,3,7,2017,Monday
20170704,4,7,2017,Tuesday
20170705,5,7,2017,Wednesday
20170706,6,7,2017,Thursday
20170707,7,7,2017,Friday
20170708,8,7,2017,Saturday
20170709,9,7,2017,Sunday
20170710,10,7,2017,Monday
20170711,11,7,2017,Tuesday
20170712,12,7,2017,Wednesday
20170713,13,7,2017,Thursday
20170714,14,7,2017,Friday
20170715,15,7,2017,Saturday
20170716,16,7,2017,Sunday
20170717,17,7,2017,Monday
20170718,18,7,2017,Tuesday
20170719,19,7,2017,Wednesday
20170720,20,7,2017,Thursday
20170721,21,7,2017,Friday
20170722,22,7,2017,Saturday
20170723,23,7,2017,Sunday
20170724,24,7,2017,Monday
20170725,25,7,2017,Tuesday
20170726,26,7,2017,Wednesday
20170727,27,7,2017,Thursday
20170728,28,7,2017,Friday
20170729,29,7,2017,Saturday
20170730,30,7,2017,Sunday
20170731,31,7,2017,Monday
20170801,1,8,2017,Tuesday
20170802,2,8,2017,Wednesday
20170803,3,8,2017,Thursday
20170804,4,8,2017,Friday
20170805,5,8,2017,Saturday
20170806,6,8,2017,Sunday
20170807,7,8,2017,Monday
20170808,8,8,2017,Tuesday
20170809,9,8,2017,Wednesday
20170810,10,8,2017,Thursday
20170811,11,8,2017,Friday
20170812,12,8,2017,Saturday
20170813,13,8,2017,Sunday
20170814,14,8,2017,Monday
20170815,15,8,2017,Tuesday
20170816,16,8,2017,Wednesday
20170817,17,8,2017,Thursday
20170818,18,8,2017,Friday
20170819,19,8,2017,Saturday
20170820,20,8,2017,Sunday
20170821,21,8,2017,Monday
20170822,22,8,2017,Tuesday
20170823,23,8,2017,Wednesday
20170824,24,8,2017,Thursday
20170825,25,8,2017,Friday
20170826,26,8,2017,Saturday
20170827,27,8,2017,Sunday
20170828,28,8,2017,Monday
20170829,29,8,2017,Tuesday
20170830,30,8,2017,Wednesday
20170831,31,8,2017,Thursday
20170901,1,9,2017,Friday
20170902,2,9,2017,Saturday
20170903,3,9,2017,Sunday
20170904,4,9,2017,Monday
20170905,5,9,2017,Tuesday
20170906,6,9,2017,Wednesday
20170907,7,9,2017,Thursday
20170908,8,9,2017,Friday
20170909,9,9,2017,Saturday
20170910,10,9,2017,Sunday
20170911,11,9,2017,Monday
20170912,12,9,2017,Tuesday
20170913,13,9,2017,Wednesday
20170914,14,9,2017,Thursday
20170915,15,9,2017,Friday
20170916,16,9,2017,Saturday
20170917,17,9,2017,Sunday
20170918,18,9,2017,Monday
20170919,19,9,2017,Tuesday
20170920,20,9,2017,Wednesday
20170921,21,9,2017,Thursday
20170922,22,9,2017,Friday
20170923,23,9,2017,Saturday
20170924,24,9,2017,Sunday
20170925,25,9,2017,Monday
20170926,26,9,2017,Tuesday
20170927,27,9,2017,Wednesday
20170928,28,9,2017,Thursday
20170929,29,9,2017,Friday
20170930,30,9,2017,Saturday
20171001,1,10,2017,Sunday
20171002,2,10,2017,Monday
20171003,3,10,2017,Tuesday
20171004,4,10,2017,Wednesday
20171005,5,10,2017,Thursday
20171006,6,10,2017,Friday
20171007,7,10,2017,Saturday
20171008,8,10,2017,Sunday
20171009,9,10,2017,Monday
20171010,10,10,2017,Tuesday
20171011,11,10,2017,Wednesday
20171012,12,10,2017,Thursday
20171013,13,10,2017,Friday
20171014,14,10,2017,Saturday
20171015,15,10,2017,Sunday
20171016,16,10,2017,Monday
20171017,17,10,2017,Tuesday
20171018,18,10,2017,Wednesday
20171019,19,10,2017,Thursday
20171020,20,10,2017,Friday
20171021,21,10,2017,Saturday
20171022,22,10,2017,Sunday
20171023,23,10,2017,Monday
20171024,24,10,2017,Tuesday
20171025,25,10,2017,Wednesday
20171026,26,10,2017,Thursday
20171027,27,10,2017,Friday
20171028,28,10,2017,Saturday
20171029,29,10,2017,Sunday
20171030,30,10,2017,Monday
20171031,31,10,2017,Tuesday
20171101,1,11,2017,Wednesday
20171102,2,11,2017,Thursday
20171103,3,11,2017,Friday
20171104,4,11,2017,Saturday
20171105,5,11,2017,Sunday
20171106,6,11,2017,Monday
20171107,7,11,2017,Tuesday
20171108,8,11,2017,Wednesday
20171109,9,11,2017,Thursday
20171110,10,11,2017,Friday
20171111,11,11,2017,Saturday
20171112,12,11,2017,Sunday
20171113,13,11,2017,Monday
20171114,14,11,2017,Tuesday
20171115,15,11,2017,Wednesday
20171116,16,11,2017,Thursday
20171117,17,11,2017,Friday
20171118,18,11,2017,Saturday
20171119,19,11,2017,Sunday
20171120,20,11,2017,Monday
20171121,21,11,2017,Tuesday
20171122,22,11,2017,Wednesday
20171123,23,11,2017,Thursday
20171124,24,11,2017,Friday
20171125,25,11,2017,Saturday
20171126,26,11,2017,Sunday
20171127,27,11,2017,Monday
20171128,28,11,2017,Tuesday
20171129,29,11,2017,Wednesday
20171130,30,11,2017,Thursday
20171201,1,12,2017,Friday
20171202,2,12,2017,Saturday
20171203,3,12,2017,Sunday
20171204,4,12,2017,Monday
20171205,5,12,2017,Tuesday
20171206,6,12,2017,Wednesday
20171207,7,12,2017,Thursday
20171208,8,12,2017,Friday
20171209,9,12,2017,Saturday
20171210,10,12,2017,Sunday
20171211,11,12,2017,Monday
20171212,12,12,2017,Tuesday
20171213,13,12,2017,Wednesday
20171214,14,12,2017,Thursday
20171215,15,12,2017,Friday
20171216,16,12,2017,Saturday
20171217,17,12,2017,Sunday
20171218,18,12,2017,Monday
20171219,19,12,2017,Tuesday
20171220,20,12,2017,Wednesday
20171221,21,12,2017,Thursday
20171222,22,12,2017,Friday
20171223,23,12,2017,Saturday
20171224,24,12,2017,Sunday
20171225,25,12,2017,Monday
20171226,26,12,2017,Tuesday
20171227,27,12,2017,Wednesday
20171228,28,12,2017,Thursday
20171229,29,12,2017,Friday
20171230,30,12,2017,Saturday
20171231,31,12,2017,Sunday
20180101,1,1,2018,Monday
20180102,2,1,2018,Tuesday
20180103,3,1,2018,Wednesday
20180104,4,1,2018,Thursday
20180105,5,1,2018,Friday
20180106,6,1,2018,Saturday
20180107,7,1,2018,Sunday
20180108,8,1,2018,Monday
20180109,9,1,2018,Tuesday
20180110,10,1,2018,Wednesday
20180111,11,1,2018,Thursday
20180112,12,1,2018,Friday
20180113,13,1,2018,Saturday
20180114,14,1,2018,Sunday
20180115,15,1,2018,Monday
20180116,16,1,2018,Tuesday
20180117,17,1,2018,Wednesday
20180118,18,1,2018,Thursday
20180119,19,1,2018,Friday
20180120,20,1,2018,Saturday
20180121,21,1,2018,Sunday
20180122,22,1,2018,Monday
20180123,23,1,2018,Tuesday
20180124,24,1,2018,Wednesday
20180125,25,1,2018,Thursday
20180126,26,1,2018,Friday
20180127,27,1,2018,Saturday
20180128,28,1,2018,Sunday
20180129,29,1,2018,Monday
20180130,30,1,2018,Tuesday
20180131,31,1,2018,Wednesday
20180201,1,2,2018,Thursday
20180202,2,2,2018,Friday
20180203,3,2,2018,Saturday
20180204,4,2,2018,Sunday
20180205,5,2,2018,Monday
20180206,6,2,2018,Tuesday
20180207,7,2,2018,Wednesday
20180208,8,2,2018,Thursday
20180209,9,2,2018,Friday
20180210,10,2,2018,Saturday
20180211,11,2,2018,Sunday
20180212,12,2,2018,Monday
20180213,13,2,2018,Tuesday
20180214,14,2,2018,Wednesday
20180215,15,2,2018,Thursday
20180216,16,2,2018,Friday
20180217,17,2,2018,Saturday
20180218,18,2,2018,Sunday
20180219,19,2,2018,Monday
20180220,20,2,2018,Tuesday
20180221,21,2,2018,Wednesday
20180222,22,2,2018,Thursday
20180223,23,2,2018,Friday
20180224,24,2,2018,Saturday
20180225,25,2,2018,Sunday
20180226,26,2,2018,Monday
20180227,27,2,2018,Tuesday
20180228,28,2,2018,Wednesday
20180301,1,3,2018,Thursday
20180302,2,3,2018,Friday
20180303,3,3,2018,Saturday
20180304,4,3,2018,Sunday
20180305,5,3,2018,Monday
20180306,6,3,2018,Tuesday
20180307,7,3,2018,Wednesday
20180308,8,3,2018,Thursday
20180309,9,3,2018,Friday
20180310,10,3,2018,Saturday
20180311,11,3,2018,Sunday
20180312,12,3,2018,Monday
20180313,13,3,2018,Tuesday
20180314,14,3,2018,Wednesday
20180315,15,3,2018,Thursday
20180316,16,3,2018,Friday
20180317,17,3,2018,Saturday
20180318,18,3,2018,Sunday
20180319,19,3,2018,Monday
20180320,20,3,2018,Tuesday
20180321,21,3,2018,Wednesday
20180322,22,3,2018,Thursday
20180323,23,3,2018,Friday
20180324,24,3,2018,Saturday
20180325,25,3,2018,Sunday
20180326,26,3,2018,Monday
20180327,27,3,2018,Tuesday
20180328,28,3,2018,Wednesday
20180329,29,3,2018,Thursday
20180330,30,3,2018,Friday
20180331,31,3,2018,Saturday
20180401,1,4,2018,Sunday
20180402,2,4,2018,Monday
20180403,3,4,2018,Tuesday
20180404,4,4,2018,Wednesday
20180405,5,4,2018,Thursday
20180406,6,4,2018,Friday
20180407,7,4,2018,Saturday
20180408,8,4,2018,Sunday
20180409,9,4,2018,Monday
20180410,10,4,2018,Tuesday
20180411,11,4,2018,Wednesday
20180412,12,4,2018,Thursday
20180413,13,4,2018,Friday
20180414,14,4,2018,Saturday
20180415,15,4,2018,Sunday
20180416,16,4,2018,Monday
20180417,17,4,2018,Tuesday
20180418,18,4,2018,Wednesday
20180419,19,4,2018,Thursday
20180420,20,4,2018,Friday
20180421,21,4,2018,Saturday
20180422,22,4,2018,Sunday
20180423,23,4,2018,Monday
20180424,24,4,2018,Tuesday
20180425,25,4,2018,Wednesday
20180426,26,4,2018,Thursday
20180427,27,4,2018,Friday
20180428,28,4,2018,Saturday
20180429,29,4,2018,Sunday
20180430,30,4,2018,Monday
20180501,1,5,2018,Tuesday
20180502,2,5,2018,Wednesday
20180503,3,5,2018,Thursday
20180504,4,5,2018,Friday
20180505,5,5,2018,Saturday
20180506,6,5,2018,Sunday
20180507,7,5,2018,Monday
20180508,8,5,2018,Tuesday
20180509,9,5,2018,Wednesday
20180510,10,5,2018,Thursday
20180511,11,5,2018,Friday
20180512,12,5,2018,Saturday
20180513,13,5,2018,Sunday
20180514,14,5,2018,Monday
20180515,15,5,2018,Tuesday
20180516,16,5,2018,Wednesday
20180517,17,5,2018,Thursday
20180518,18,5,2018,Friday
20180519,19,5,2018,Saturday
20180520,20,5,2018,Sunday
20180521,21,5,2018,Monday
20180522,22,5,2018,Tuesday
20180523,23,5,2018,Wednesday
20180524,24,5,2018,Thursday
20180525,25,5,2018,Friday
20180526,26,5,2018,Saturday
20180527,27,5,2018,Sunday
20180528,28,5,2018,Monday
20180529,29,5,2018,Tuesday
20180530,30,5,2018,Wednesday
20180531,31,5,2018,Thursday
20180601,1,6,2018,Friday
20180602,2,6,2018,Saturday
20180603,3,6,2018,Sunday
20180604,4,6,2018,Monday
20180605,5,6,2018,Tuesday
20180606,6,6,2018,Wednesday
20180607,7,6,2018,Thursday
20180608,8,6,2018,Friday
20180609,9,6,2018,Saturday
20180610,10,6,2018,Sunday
20180611,11,6,2018,Monday
20180612,12,6,2018,Tuesday
20180613,13,6,2018,Wednesday
20180614,14,6,2018,Thursday
20180615,15,6,2018,Friday
20180616,16,6,2018,Saturday
20180617,17,6,2018,Sunday
20180618,18,6,2018,Monday
20180619,19,6,2018,Tuesday
20180620,20,6,2018,Wednesday
20180621,21,6,2018,Thursday
20180622,22,6,2018,Friday
20180623,23,6,2018,Saturday
20180624,24,6,2018,Sunday
20180625,25,6,2018,Monday
20180626,26,6,2018,Tuesday
20180627,27,6,2018,Wednesday
20180628,28,6,2018,Thursday
20180629,29,6,2018,Friday
20180630,30,6,2018,Saturday
20180701,1,7,2018,Sunday
20180702,2,7,2018,Monday
20180703,3,7,2018,Tuesday
20180704,4,7,2018,Wednesday
20180705,5,7,2018,Thursday
20180706,6,7,2018,Friday
20180707,7,7,2018,Saturday
20180708,8,7,2018,Sunday
20180709,9,7,2018,Monday
20180710,10,7,2018,Tuesday
20180711,11,7,2018,Wednesday
20180712,12,7,2018,Thursday
20180713,13,7,2018,Friday
20180714,14,7,2018,Saturday
20180715,15,7,2018,Sunday
20180716,16,7,2018,Monday
20180717,17,7,2018,Tuesday
20180718,18,7,2018,Wednesday
20180719,19,7,2018,Thursday
20180720,20,7,2018,Friday
20180721,21,7,2018,Saturday
20180722,22,7,2018,Sunday
20180723,23,7,2018,Monday
20180724,24,7,2018,Tuesday
20180725,25,7,2018,Wednesday
20180726,26,7,2018,Thursday
20180727,27,7,2018,Friday
20180728,28,7,2018,Saturday
20180729,29,7,2018,Sunday
20180730,30,7,2018,Monday
20180731,31,7,2018,Tuesday
20180801,1,8,2018,Wednesday
20180802,2,8,2018,Thursday
20180803,3,8,2018,Friday
20180804,4,8,2018,Saturday
20180805,5,8,2018,Sunday
20180806,6,8,2018,Monday
20180807,7,8,2018,Tuesday
20180808,8,8,2018,Wednesday
20180809,9,8,2018,Thursday
20180810,10,8,2018,Friday
20180811,11,8,2018,Saturday
20180812,12,8,2018,Sunday
20180813,13,8,2018,Monday
20180814,14,8,2018,Tuesday
20180815,15,8,2018,Wednesday
20180816,16,8,2018,Thursday
20180817,17,8,2018,Friday
20180818,18,8,2018,Saturday
20180819,19,8,2018,Sunday
20180820,20,8,2018,Monday
20180821,21,8,2018,Tuesday
20180822,22,8,2018,Wednesday
20180823,23,8,2018,Thursday
20180824,24,8,2018,Friday
20180825,25,8,2018,Saturday
20180826,26,8,2018,Sunday
20180827,27,8,2018,Monday
20180828,28,8,2018,Tuesday
20180829,29,8,2018,Wednesday
20180830,30,8,2018,Thursday
20180831,31,8,2018,Friday
20180901,1,9,2018,Saturday
20180902,2,9,2018,Sunday
20180903,3,9,2018,Monday
20180904,4,9,2018,Tuesday
20180905,5,9,2018,Wednesday
20180906,6,9,2018,Thursday
20180907,7,9,2018,Friday
20180908,8,9,2018,Saturday
20180909,9,9,2018,Sunday
20180910,10,9,2018,Monday
20180911,11,9,2018,Tuesday
20180912,12,9,2018,Wednesday
20180913,13,9,2018,Thursday
20180914,14,9,2018,Friday
20180915,15,9,2018,Saturday
20180916,16,9,2018,Sunday
20180917,17,9,2018,Monday
20180918,18,9,2018,Tuesday
20180919,19,9,2018,Wednesday
20180920,20,9,2018,Thursday
20180921,21,9,2018,Friday
20180922,22,9,2018,Saturday
20180923,23,9,2018,Sunday
20180924,24,9,2018,Monday
20180925,25,9,2018,Tuesday
20180926,26,9,2018,Wednesday
20180927,27,9,2018,Thursday
20180928,28,9,2018,Friday
20180929,29,9,2018,Saturday
20180930,30,9,2018,Sunday
20181001,1,10,2018,Monday
20181002,2,10,2018,Tuesday
20181003,3,10,2018,Wednesday
20181004,4,10,2018,Thursday
20181005,5,10,2018,Friday
20181006,6,10,2018,Saturday
20181007,7,10,2018,Sunday
20181008,8,10,2018,Monday
20181009,9,10,2018,Tuesday
20181010,10,10,2018,Wednesday
20181011,11,10,2018,Thursday
20181012,12,10,2018,Friday
20181013,13,10,2018,Saturday
20181014,14,10,2018,Sunday
20181015,15,10,2018,Monday
20181016,16,10,2018,Tuesday
20181017,17,10,2018,Wednesday
20181018,18,10,2018,Thursday
20181019,19,10,2018,Friday
20181020,20,10,2018,Saturday
20181021,21,10,2018,Sunday
20181022,22,10,2018,Monday
20181023,23,10,2018,Tuesday
20181024,24,10,2018,Wednesday
20181025,25,10,2018,Thursday
20181026,26,10,2018,Friday
20181027,27,10,2018,Saturday
20181028,28,10,2018,Sunday
20181029,29,10,2018,Monday
20181030,30,10,2018,Tuesday
20181031,31,10,2018,Wednesday
20181101,1,11,2018,Thursday
20181102,2,11,2018,Friday
20181103,3,11,2018,Saturday
20181104,4,11,2018,Sunday
20181105,5,11,2018,Monday
20181106,6,11,2018,Tuesday
20181107,7,11,2018,Wednesday
20181108,8,11,2018,Thursday
20181109,9,11,2018,Friday
20181110,10,11,2018,Saturday
20181111,11,11,2018,Sunday
20181112,12,11,2018,Monday
20181113,13,11,2018,Tuesday
20181114,14,11,2018,Wednesday
20181115,15,11,2018,Thursday
20181116,16,11,2018,Friday
20181117,17,11,2018,Saturday
20181118,18,11,2018,Sunday
20181119,19,11,2018,Monday
20181120,20,11,2018,Tuesday
20181121,21,11,2018,Wednesday
20181122,22,11,2018,Thursday
20181123,23,11,2018,Friday
20181124,24,11,2018,Saturday
20181125,25,11,2018,Sunday
20181126,26,11,2018,Monday
20181127,27,11,2018,Tuesday
20181128,28,11,2018,Wednesday
20181129,29,11,2018,Thursday
20181130,30,11,2018,Friday
20181201,1,12,2018,Saturday
20181202,2,12,2018,Sunday
20181203,3,12,2018,Monday
20181204,4,12,2018,Tuesday
20181205,5,12,2018,Wednesday
20181206,6,12,2018,Thursday
20181207,7,12,2018,Friday
20181208,8,12,2018,Saturday
20181209,9,12,2018,Sunday
20181210,10,12,2018,Monday
20181211,11,12,2018,Tuesday
20181212,12,12,2018,Wednesday
20181213,13,12,2018,Thursday
20181214,14,12,2018,Friday
20181215,15,12,2018,Saturday
20181216,16,12,2018,Sunday
20181217,17,12,2018,Monday
20181218,18,12,2018,Tuesday
20181219,19,12,2018,Wednesday
20181220,20,12,2018,Thursday
20181221,21,12,2018,Friday
20181222,22,12,2018,Saturday
20181223,23,12,2018,Sunday
20181224,24,12,2018,Monday
20181225,25,12,2018,Tuesday
20181226,26,12,2018,Wednesday
20181227,27,12,2018,Thursday
20181228,28,12,2018,Friday
20181229,29,12,2018,Saturday
20181230,30,12,2018,Sunday
20181231,31,12,2018,Monday
20190101,1,1,2019,Tuesday
20190102,2,1,2019,Wednesday
20190103,3,1,2019,Thursday
20190104,4,1,2019,Friday
20190105,5,1,2019,Saturday
20190106,6,1,2019,Sunday
20190107,7,1,2019,Monday
20190108,8,1,2019,Tuesday
20190109,9,1,2019,Wednesday
20190110,10,1,2019,Thursday
20190111,11,1,2019,Friday
20190112,12,1,2019,Saturday
20190113,13,1,2019,Sunday
20190114,14,1,2019,Monday
20190115,15,1,2019,Tuesday
20190116,16,1,2019,Wednesday
20190117,17,1,2019,Thursday
20190118,18,1,2019,Friday
20190119,19,1,2019,Saturday
20190120,20,1,2019,Sunday
20190121,21,1,2019,Monday
20190122,22,1,2019,Tuesday
20190123,23,1,2019,Wednesday
20190124,24,1,2019,Thursday
20190125,25,1,2019,Friday
20190126,26,1,2019,Saturday
20190127,27,1,2019,Sunday
20190128,28,1,2019,Monday
20190129,29,1,2019,Tuesday
20190130,30,1,2019,Wednesday
20190131,31,1,2019,Thursday
20190201,1,2,2019,Friday
20190202,2,2,2019,Saturday
20190203,3,2,2019,Sunday
20190204,4,2,2019,Monday
20190205,5,2,2019,Tuesday
20190206,6,2,2019,Wednesday
20190207,7,2,2019,Thursday
20190208,8,2,2019,Friday
20190209,9,2,2019,Saturday
20190210,10,2,2019,Sunday
20190211,11,2,2019,Monday
20190212,12,2,2019,Tuesday
20190213,13,2,2019,Wednesday
20190214,14,2,2019,Thursday
20190215,15,2,2019,Friday
20190216,16,2,2019,Saturday
20190217,17,2,2019,Sunday
20190218,18,2,2019,Monday
20190219,19,2,2019,Tuesday
20190220,20,2,2019,Wednesday
20190221,21,2,2019,Thursday
20190222,22,2,2019,Friday
20190223,23,2,2019,Saturday
20190224,24,2,2019,Sunday
20190225,25,2,2019,Monday
20190226,26,2,2019,Tuesday
20190227,27,2,2019,Wednesday
20190228,28,2,2019,Thursday
20190301,1,3,2019,Friday
20190302,2,3,2019,Saturday
20190303,3,3,2019,Sunday
20190304,4,3,2019,Monday
20190305,5,3,2019,Tuesday
20190306,6,3,2019,Wednesday
20190307,7,3,2019,Thursday
20190308,8,3,2019,Friday
20190309,9,3,2019,Saturday
20190310,10,3,2019,Sunday
20190311,11,3,2019,Monday
20190312,12,3,2019,Tuesday
20190313,13,3,2019,Wednesday
20190314,14,3,2019,Thursday
20190315,15,3,2019,Friday
20190316,16,3,2019,Saturday
20190317,17,3,2019,Sunday
20190318,18,3,2019,Monday
20190319,19,3,2019,Tuesday
20190320,20,3,2019,Wednesday
20190321,21,3,2019,Thursday
20190322,22,3,2019,Friday
20190323,23,3,2019,Saturday
20190324,24,3,2019,Sunday
20190325,25,3,2019,Monday
20190326,26,3,2019,Tuesday
20190327,27,3,2019,Wednesday
20190328,28,3,2019,Thursday
20190329,29,3,2019,Friday
20190330,30,3,2019,Saturday
20190331,31,3,2019,Sunday
20190401,1,4,2019,Monday
20190402,2,4,2019,Tuesday
20190403,3,4,2019,Wednesday
20190404,4,4,2019,Thursday
20190405,5,4,2019,Friday
20190406,6,4,2019,Saturday
20190407,7,4,2019,Sunday
20190408,8,4,2019,Monday
20190409,9,4,2019,Tuesday
20190410,10,4,2019,Wednesday
20190411,11,4,2019,Thursday
20190412,12,4,2019,Friday
20190413,13,4,2019,Saturday
20190414,14,4,2019,Sunday
20190415,15,4,2019,Monday
20190416,16,4,2019,Tuesday
20190417,17,4,2019,Wednesday
20190418,18,4,2019,Thursday
20190419,19,4,2019,Friday
20190420,20,4,2019,Saturday
20190421,21,4,2019,Sunday
20190422,22,4,2019,Monday
20190423,23,4,2019,Tuesday
20190424,24,4,2019,Wednesday
20190425,25,4,2019,Thursday
20190426,26,4,2019,Friday
20190427,27,4,2019,Saturday
20190428,28,4,2019,Sunday
20190429,29,4,2019,Monday
20190430,30,4,2019,Tuesday
20190501,1,5,2019,Wednesday
20190502,2,5,2019,Thursday
20190503,3,5,2019,Friday
20190504,4,5,2019,Saturday
20190505,5,5,2019,Sunday
20190506,6,5,2019,Monday
20190507,7,5,2019,Tuesday
20190508,8,5,2019,Wednesday
20190509,9,5,2019,Thursday
20190510,10,5,2019,Friday
20190511,11,5,2019,Saturday
20190512,12,5,2019,Sunday
20190513,13,5,2019,Monday
20190514,14,5,2019,Tuesday
20190515,15,5,2019,Wednesday
20190516,16,5,2019,Thursday
20190517,17,5,2019,Friday
20190518,18,5,2019,Saturday
20190519,19,5,2019,Sunday
20190520,20,5,2019,Monday
20190521,21,5,2019,Tuesday
20190522,22,5,2019,Wednesday
20190523,23,5,2019,Thursday
20190524,24,5,2019,Friday
20190525,25,5,2019,Saturday
20190526,26,5,2019,Sunday
20190527,27,5,2019,Monday
20190528,28,5,2019,Tuesday
20190529,29,5,2019,Wednesday
20190530,30,5,2019,Thursday
20190531,31,5,2019,Friday
20190601,1,6,2019,Saturday
20190602,2,6,2019,Sunday
20190603,3,6,2019,Monday
20190604,4,6,2019,Tuesday
20190605,5,6,2019,Wednesday
20190606,6,6,2019,Thursday
20190607,7,6,2019,Friday
20190608,8,6,2019,Saturday
20190609,9,6,2019,Sunday
20190610,10,6,2019,Monday
20190611,11,6,2019,Tuesday
20190612,12,6,2019,Wednesday
20190613,13,6,2019,Thursday
20190614,14,6,2019,Friday
20190615,15,6,2019,Saturday
20190616,16,6,2019,Sunday
20190617,17,6,2019,Monday
20190618,18,6,2019,Tuesday
20190619,19,6,2019,Wednesday
20190620,20,6,2019,Thursday
20190621,21,6,2019,Friday
20190622,22,6,2019,Saturday
20190623,23,6,2019,Sunday
20190624,24,6,2019,Monday
20190625,25,6,2019,Tuesday
20190626,26,6,2019,Wednesday
20190627,27,6,2019,Thursday
20190628,28,6,2019,Friday
20190629,29,6,2019,Saturday
20190630,30,6,2019,Sunday
20190701,1,7,2019,Monday
20190702,2,7,2019,Tuesday
20190703,3,7,2019,Wednesday
20190704,4,7,2019,Thursday
20190705,5,7,2019,Friday
20190706,6,7,2019,Saturday
20190707,7,7,2019,Sunday
20190708,8,7,2019,Monday
20190709,9,7,2019,Tuesday
20190710,10,7,2019,Wednesday
20190711,11,7,2019,Thursday
20190712,12,7,2019,Friday
20190713,13,7,2019,Saturday
20190714,14,7,2019,Sunday
20190715,15,7,2019,Monday
20190716,16,7,2019,Tuesday
20190717,17,7,2019,Wednesday
20190718,18,7,2019,Thursday
20190719,19,7,2019,Friday
20190720,20,7,2019,Saturday
20190721,21,7,2019,Sunday
20190722,22,7,2019,Monday
20190723,23,7,2019,Tuesday
20190724,24,7,2019,Wednesday
20190725,25,7,2019,Thursday
20190726,26,7,2019,Friday
20190727,27,7,2019,Saturday
20190728,28,7,2019,Sunday
20190729,29,7,2019,Monday
20190730,30,7,2019,Tuesday
20190731,31,7,2019,Wednesday
20190801,1,8,2019,Thursday
20190802,2,8,2019,Friday
20190803,3,8,2019,Saturday
20190804,4,8,2019,Sunday
20190805,5,8,2019,Monday
20190806,6,8,2019,Tuesday
20190807,7,8,2019,Wednesday
20190808,8,8,2019,Thursday
20190809,9,8,2019,Friday
20190810,10,8,2019,Saturday
20190811,11,8,2019,Sunday
20190812,12,8,2019,Monday
20190813,13,8,2019,Tuesday
20190814,14,8,2019,Wednesday
20190815,15,8,2019,Thursday
20190816,16,8,2019,Friday
20190817,17,8,2019,Saturday
20190818,18,8,2019,Sunday
20190819,19,8,2019,Monday
20190820,20,8,2019,Tuesday
20190821,21,8,2019,Wednesday
20190822,22,8,2019,Thursday
20190823,23,8,2019,Friday
20190824,24,8,2019,Saturday
20190825,25,8,2019,Sunday
20190826,26,8,2019,Monday
20190827,27,8,2019,Tuesday
20190828,28,8,2019,Wednesday
20190829,29,8,2019,Thursday
20190830,30,8,2019,Friday
20190831,31,8,2019,Saturday
20190901,1,9,2019,Sunday
20190902,2,9,2019,Monday
20190903,3,9,2019,Tuesday
20190904,4,9,2019,Wednesday
20190905,5,9,2019,Thursday
20190906,6,9,2019,Friday
20190907,7,9,2019,Saturday
20190908,8,9,2019,Sunday
20190909,9,9,2019,Monday
20190910,10,9,2019,Tuesday
20190911,11,9,2019,Wednesday
20190912,12,9,2019,Thursday
20190913,13,9,2019,Friday
20190914,14,9,2019,Saturday
20190915,15,9,2019,Sunday
20190916,16,9,2019,Monday
20190917,17,9,2019,Tuesday
20190918,18,9,2019,Wednesday
20190919,19,9,2019,Thursday
20190920,20,9,2019,Friday
20190921,21,9,2019,Saturday
20190922,22,9,2019,Sunday
20190923,23,9,2019,Monday
20190924,24,9,2019,Tuesday
20190925,25,9,2019,Wednesday
20190926,26,9,2019,Thursday
20190927,27,9,2019,Friday
20190928,28,9,2019,Saturday
20190929,29,9,2019,Sunday
20190930,30,9,2019,Monday
20191001,1,10,2019,Tuesday
20191002,2,10,2019,Wednesday
20191003,3,10,2019,Thursday
20191004,4,10,2019,Friday
20191005,5,10,2019,Saturday
20191006,6,10,2019,Sunday
20191007,7,10,2019,Monday
20191008,8,10,2019,Tuesday
20191009,9,10,2019,Wednesday
20191010,10,10,2019,Thursday
20191011,11,10,2019,Friday
20191012,12,10,2019,Saturday
20191013,13,10,2019,Sunday
20191014,14,10,2019,Monday
20191015,15,10,2019,Tuesday
20191016,16,10,2019,Wednesday
20191017,17,10,2019,Thursday
20191018,18,10,2019,Friday
20191019,19,10,2019,Saturday
20191020,20,10,2019,Sunday
20191021,21,10,2019,Monday
20191022,22,10,2019,Tuesday
20191023,23,10,2019,Wednesday
20191024,24,10,2019,Thursday
20191025,25,10,2019,Friday
20191026,26,10,2019,Saturday
20191027,27,10,2019,Sunday
20191028,28,10,2019,Monday
20191029,29,10,2019,Tuesday
20191030,30,10,2019,Wednesday
20191031,31,10,2019,Thursday
20191101,1,11,2019,Friday
20191102,2,11,2019,Saturday
20191103,3,11,2019,Sunday
20191104,4,11,2019,Monday
20191105,5,11,2019,Tuesday
20191106,6,11,2019,Wednesday
20191107,7,11,2019,Thursday
20191108,8,11,2019,Friday
20191109,9,11,2019,Saturday
20191110,10,11,2019,Sunday
20191111,11,11,2019,Monday
20191112,12,11,2019,Tuesday
20191113,13,11,2019,Wednesday
20191114,14,11,2019,Thursday
20191115,15,11,2019,Friday
20191116,16,11,2019,Saturday
20191117,17,11,2019,Sunday
20191118,18,11,2019,Monday
20191119,19,11,2019,Tuesday
20191120,20,11,2019,Wednesday
20191121,21,11,2019,Thursday
20191122,22,11,2019,Friday
20191123,23,11,2019,Saturday
20191124,24,11,2019,Sunday
20191125,25,11,2019,Monday
20191126,26,11,2019,Tuesday
20191127,27,11,2019,Wednesday
20191128,28,11,2019,Thursday
20191129,29,11,2019,Friday
20191130,30,11,2019,Saturday
20191201,1,12,2019,Sunday
20191202,2,12,2019,Monday
20191203,3,12,2019,Tuesday
20191204,4,12,2019,Wednesday
20191205,5,12,2019,Thursday
20191206,6,12,2019,Friday
20191207,7,12,2019,Saturday
20191208,8,12,2019,Sunday
20191209,9,12,2019,Monday
20191210,10,12,2019,Tuesday
20191211,11,12,2019,Wednesday
20191212,12,12,2019,Thursday
20191213,13,12,2019,Friday
20191214,14,12,2019,Saturday
20191215,15,12,2019,Sunday
20191216,16,12,2019,Monday
20191217,17,12,2019,Tuesday
20191218,18,12,2019,Wednesday
20191219,19,12,2019,Thursday
20191220,20,12,2019,Friday
20191221,21,12,2019,Saturday
20191222,22,12,2019,Sunday
20191223,23,12,2019,Monday
20191224,24,12,2019,Tuesday
20191225,25,12,2019,Wednesday
20191226,26,12,2019,Thursday
20191227,27,12,2019,Friday
20191228,28,12,2019,Saturday
20191229,29,12,2019,Sunday
20191230,30,12,2019,Monday
20191231,31,12,2019,Tuesday
20200101,1,1,2020,Wednesday
20200102,2,1,2020,Thursday
20200103,3,1,2020,Friday
20200104,4,1,2020,Saturday
20200105,5,1,2020,Sunday
20200106,6,1,2020,Monday
20200107,7,1,2020,Tuesday
20200108,8,1,2020,Wednesday
20200109,9,1,2020,Thursday
20200110,10,1,2020,Friday
20200111,11,1,2020,Saturday
20200112,12,1,2020,Sunday
20200113,13,1,2020,Monday
20200114,14,1,2020,Tuesday
20200115,15,1,2020,Wednesday
20200116,16,1,2020,Thursday
20200117,17,1,2020,Friday
20200118,18,1,2020,Saturday
20200119,19,1,2020,Sunday
20200120,20,1,2020,Monday
20200121,21,1,2020,Tuesday
20200122,22,1,2020,Wednesday
20200123,23,1,2020,Thursday
20200124,24,1,2020,Friday
20200125,25,1,2020,Saturday
20200126,26,1,2020,Sunday
20200127,27,1,2020,Monday
20200128,28,1,2020,Tuesday
20200129,29,1,2020,Wednesday
20200130,30,1,2020,Thursday
20200131,31,1,2020,Friday
20200201,1,2,2020,Saturday
20200202,2,2,2020,Sunday
20200203,3,2,2020,Monday
20200204,4,2,2020,Tuesday
20200205,5,2,2020,Wednesday
20200206,6,2,2020,Thursday
20200207,7,2,2020,Friday
20200208,8,2,2020,Saturday
20200209,9,2,2020,Sunday
20200210,10,2,2020,Monday
20200211,11,2,2020,Tuesday
20200212,12,2,2020,Wednesday
20200213,13,2,2020,Thursday
20200214,14,2,2020,Friday
20200215,15,2,2020,Saturday
20200216,16,2,2020,Sunday
20200217,17,2,2020,Monday
20200218,18,2,2020,Tuesday
20200219,19,2,2020,Wednesday
20200220,20,2,2020,Thursday
20200221,21,2,2020,Friday
20200222,22,2,2020,Saturday
20200223,23,2,2020,Sunday
20200224,24,2,2020,Monday
20200225,25,2,2020,Tuesday
20200226,26,2,2020,Wednesday
20200227,27,2,2020,Thursday
20200228,28,2,2020,Friday
20200229,29,2,2020,Saturday
20200301,1,3,2020,Sunday
20200302,2,3,2020,Monday
20200303,3,3,2020,Tuesday
20200304,4,3,2020,Wednesday
20200305,5,3,2020,Thursday
20200306,6,3,2020,Friday
20200307,7,3,2020,Saturday
20200308,8,3,2020,Sunday
20200309,9,3,2020,Monday
20200310,10,3,2020,Tuesday
20200311,11,3,2020,Wednesday
20200312,12,3,2020,Thursday
20200313,13,3,2020,Friday
20200314,14,3,2020,Saturday
20200315,15,3,2020,Sunday
20200316,16,3,2020,Monday
20200317,17,3,2020,Tuesday
20200318,18,3,2020,Wednesday
20200319,19,3,2020,Thursday
20200320,20,3,2020,Friday
20200321,21,3,2020,Saturday
20200322,22,3,2020,Sunday
20200323,23,3,2020,Monday
20200324,24,3,2020,Tuesday
20200325,25,3,2020,Wednesday
20200326,26,3,2020,Thursday
20200327,27,3,2020,Friday
20200328,28,3,2020,Saturday
20200329,29,3,2020,Sunday
20200330,30,3,2020,Monday
20200331,31,3,2020,Tuesday
20200401,1,4,2020,Wednesday
20200402,2,4,2020,Thursday
20200403,3,4,2020,Friday
20200404,4,4,2020,Saturday
20200405,5,4,2020,Sunday
20200406,6,4,2020,Monday
20200407,7,4,2020,Tuesday
20200408,8,4,2020,Wednesday
20200409,9,4,2020,Thursday
20200410,10,4,2020,Friday
20200411,11,4,2020,Saturday
20200412,12,4,2020,Sunday
20200413,13,4,2020,Monday
20200414,14,4,2020,Tuesday
20200415,15,4,2020,Wednesday
20200416,16,4,2020,Thursday
20200417,17,4,2020,Friday
20200418,18,4,2020,Saturday
20200419,19,4,2020,Sunday
20200420,20,4,2020,Monday
20200421,21,4,2020,Tuesday
20200422,22,4,2020,Wednesday
20200423,23,4,2020,Thursday
20200424,24,4,2020,Friday
20200425,25,4,2020,Saturday
20200426,26,4,2020,Sunday
20200427,27,4,2020,Monday
20200428,28,4,2020,Tuesday
20200429,29,4,2020,Wednesday
20200430,30,4,2020,Thursday
20200501,1,5,2020,Friday
20200502,2,5,2020,Saturday
20200503,3,5,2020,Sunday
20200504,4,5,2020,Monday
20200505,5,5,2020,Tuesday
20200506,6,5,2020,Wednesday
20200507,7,5,2020,Thursday
20200508,8,5,2020,Friday
20200509,9,5,2020,Saturday
20200510,10,5,2020,Sunday
20200511,11,5,2020,Monday
20200512,12,5,2020,Tuesday
20200513,13,5,2020,Wednesday
20200514,14,5,2020,Thursday
20200515,15,5,2020,Friday
20200516,16,5,2020,Saturday
20200517,17,5,2020,Sunday
20200518,18,5,2020,Monday
20200519,19,5,2020,Tuesday
20200520,20,5,2020,Wednesday
20200521,21,5,2020,Thursday
20200522,22,5,2020,Friday
20200523,23,5,2020,Saturday
20200524,24,5,2020,Sunday
20200525,25,5,2020,Monday
20200526,26,5,2020,Tuesday
20200527,27,5,2020,Wednesday
20200528,28,5,2020,Thursday
20200529,29,5,2020,Friday
20200530,30,5,2020,Saturday
20200531,31,5,2020,Sunday
20200601,1,6,2020,Monday
20200602,2,6,2020,Tuesday
20200603,3,6,2020,Wednesday
20200604,4,6,2020,Thursday
20200605,5,6,2020,Friday
20200606,6,6,2020,Saturday
20200607,7,6,2020,Sunday
20200608,8,6,2020,Monday
20200609,9,6,2020,Tuesday
20200610,10,6,2020,Wednesday
20200611,11,6,2020,Thursday
20200612,12,6,2020,Friday
20200613,13,6,2020,Saturday
20200614,14,6,2020,Sunday
20200615,15,6,2020,Monday
20200616,16,6,2020,Tuesday
20200617,17,6,2020,Wednesday
20200618,18,6,2020,Thursday
20200619,19,6,2020,Friday
20200620,20,6,2020,Saturday
20200621,21,6,2020,Sunday
20200622,22,6,2020,Monday
20200623,23,6,2020,Tuesday
20200624,24,6,2020,Wednesday
20200625,25,6,2020,Thursday
20200626,26,6,2020,Friday
20200627,27,6,2020,Saturday
20200628,28,6,2020,Sunday
20200629,29,6,2020,Monday
20200630,30,6,2020,Tuesday
20200701,1,7,2020,Wednesday
20200702,2,7,2020,Thursday
20200703,3,7,2020,Friday
20200704,4,7,2020,Saturday
20200705,5,7,2020,Sunday
20200706,6,7,2020,Monday
20200707,7,7,2020,Tuesday
20200708,8,7,2020,Wednesday
20200709,9,7,2020,Thursday
20200710,10,7,2020,Friday
20200711,11,7,2020,Saturday
20200712,12,7,2020,Sunday
20200713,13,7,2020,Monday
20200714,14,7,2020,Tuesday
20200715,15,7,2020,Wednesday
20200716,16,7,2020,Thursday
20200717,17,7,2020,Friday
20200718,18,7,2020,Saturday
20200719,19,7,2020,Sunday
20200720,20,7,2020,Monday
20200721,21,7,2020,Tuesday
20200722,22,7,2020,Wednesday
20200723,23,7,2020,Thursday
20200724,24,7,2020,Friday
20200725,25,7,2020,Saturday
20200726,26,7,2020,Sunday
20200727,27,7,2020,Monday
20200728,28,7,2020,Tuesday
20200729,29,7,2020,Wednesday
20200730,30,7,2020,Thursday
20200731,31,7,2020,Friday
20200801,1,8,2020,Saturday
20200802,2,8,2020,Sunday
20200803,3,8,2020,Monday
20200804,4,8,2020,Tuesday
20200805,5,8,2020,Wednesday
20200806,6,8,2020,Thursday
20200807,7,8,2020,Friday
20200808,8,8,2020,Saturday
20200809,9,8,2020,Sunday
20200810,10,8,2020,Monday
20200811,11,8,2020,Tuesday
20200812,12,8,2020,Wednesday
20200813,13,8,2020,Thursday
20200814,14,8,2020,Friday
20200815,15,8,2020,Saturday
20200816,16,8,2020,Sunday
20200817,17,8,2020,Monday
20200818,18,8,2020,Tuesday
20200819,19,8,2020,Wednesday
20200820,20,8,2020,Thursday
20200821,21,8,2020,Friday
20200822,22,8,2020,Saturday
20200823,23,8,2020,Sunday
20200824,24,8,2020,Monday
20200825,25,8,2020,Tuesday
20200826,26,8,2020,Wednesday
20200827,27,8,2020,Thursday
20200828,28,8,2020,Friday
20200829,29,8,2020,Saturday
20200830,30,8,2020,Sunday
20200831,31,8,2020,Monday
20200901,1,9,2020,Tuesday
20200902,2,9,2020,Wednesday
20200903,3,9,2020,Thursday
20200904,4,9,2020,Friday
20200905,5,9,2020,Saturday
20200906,6,9,2020,Sunday
20200907,7,9,2020,Monday
20200908,8,9,2020,Tuesday
20200909,9,9,2020,Wednesday
20200910,10,9,2020,Thursday
20200911,11,9,2020,Friday
20200912,12,9,2020,Saturday
20200913,13,9,2020,Sunday
20200914,14,9,2020,Monday
20200915,15,9,2020,Tuesday
20200916,16,9,2020,Wednesday
20200917,17,9,2020,Thursday
20200918,18,9,2020,Friday
20200919,19,9,2020,Saturday
20200920,20,9,2020,Sunday
20200921,21,9,2020,Monday
20200922,22,9,2020,Tuesday
20200923,23,9,2020,Wednesday
20200924,24,9,2020,Thursday
20200925,25,9,2020,Friday
20200926,26,9,2020,Saturday
20200927,27,9,2020,Sunday
20200928,28,9,2020,Monday
20200929,29,9,2020,Tuesday
20200930,30,9,2020,Wednesday
20201001,1,10,2020,Thursday
20201002,2,10,2020,Friday
20201003,3,10,2020,Saturday
20201004,4,10,2020,Sunday
20201005,5,10,2020,Monday
20201006,6,10,2020,Tuesday
20201007,7,10,2020,Wednesday
20201008,8,10,2020,Thursday
20201009,9,10,2020,Friday
20201010,10,10,2020,Saturday
20201011,11,10,2020,Sunday
20201012,12,10,2020,Monday
20201013,13,10,2020,Tuesday
20201014,14,10,2020,Wednesday
20201015,15,10,2020,Thursday
20201016,16,10,2020,Friday
20201017,17,10,2020,Saturday
20201018,18,10,2020,Sunday
20201019,19,10,2020,Monday
20201020,20,10,2020,Tuesday
20201021,21,10,2020,Wednesday
20201022,22,10,2020,Thursday
20201023,23,10,2020,Friday
20201024,24,10,2020,Saturday
20201025,25,10,2020,Sunday
20201026,26,10,2020,Monday
20201027,27,10,2020,Tuesday
20201028,28,10,2020,Wednesday
20201029,29,10,2020,Thursday
20201030,30,10,2020,Friday
20201031,31,10,2020,Saturday
20201101,1,11,2020,Sunday
20201102,2,11,2020,Monday
20201103,3,11,2020,Tuesday
20201104,4,11,2020,Wednesday
20201105,5,11,2020,Thursday
20201106,6,11,2020,Friday
20201107,7,11,2020,Saturday
20201108,8,11,2020,Sunday
20201109,9,11,2020,Monday
20201110,10,11,2020,Tuesday
20201111,11,11,2020,Wednesday
20201112,12,11,2020,Thursday
20201113,13,11,2020,Friday
20201114,14,11,2020,Saturday
20201115,15,11,2020,Sunday
20201116,16,11,2020,Monday
20201117,17,11,2020,Tuesday
20201118,18,11,2020,Wednesday
20201119,19,11,2020,Thursday
20201120,20,11,2020,Friday
20201121,21,11,2020,Saturday
20201122,22,11,2020,Sunday
20201123,23,11,2020,Monday
20201124,24,11,2020,Tuesday
20201125,25,11,2020,Wednesday
20201126,26,11,2020,Thursday
20201127,27,11,2020,Friday
20201128,28,11,2020,Saturday
20201129,29,11,2020,Sunday
20201130,30,11,2020,Monday
20201201,1,12,2020,Tuesday
20201202,2,12,2020,Wednesday
20201203,3,12,2020,Thursday
20201204,4,12,2020,Friday
20201205,5,12,2020,Saturday
20201206,6,12,2020,Sunday
20201207,7,12,2020,Monday
20201208,8,12,2020,Tuesday
20201209,9,12,2020,Wednesday
20201210,10,12,2020,Thursday
20201211,11,12,2020,Friday
20201212,12,12,2020,Saturday
20201213,13,12,2020,Sunday
20201214,14,12,2020,Monday
20201215,15,12,2020,Tuesday
20201216,16,12,2020,Wednesday
20201217,17,12,2020,Thursday
20201218,18,12,2020,Friday
20201219,19,12,2020,Saturday
20201220,20,12,2020,Sunday
20201221,21,12,2020,Monday
20201222,22,12,2020,Tuesday
20201223,23,12,2020,Wednesday
20201224,24,12,2020,Thursday
20201225,25,12,2020,Friday
20201226,26,12,2020,Saturday
20201227,27,12,2020,Sunday
20201228,28,12,2020,Monday
20201229,29,12,2020,Tuesday
20201230,30,12,2020,Wednesday
20201231,31,12,2020,Thursday
20210101,1,1,2021,Friday
20210102,2,1,2021,Saturday
20210103,3,1,2021,Sunday
20210104,4,1,2021,Monday
20210105,5,1,2021,Tuesday
20210106,6,1,2021,Wednesday
20210107,7,1,2021,Thursday
20210108,8,1,2021,Friday
20210109,9,1,2021,Saturday
20210110,10,1,2021,Sunday
20210111,11,1,2021,Monday
20210112,12,1,2021,Tuesday
20210113,13,1,2021,Wednesday
20210114,14,1,2021,Thursday
20210115,15,1,2021,Friday
20210116,16,1,2021,Saturday
20210117,17,1,2021,Sunday
20210118,18,1,2021,Monday
20210119,19,1,2021,Tuesday
20210120,20,1,2021,Wednesday
20210121,21,1,2021,Thursday
20210122,22,1,2021,Friday
20210123,23,1,2021,Saturday
20210124,24,1,2021,Sunday
20210125,25,1,2021,Monday
20210126,26,1,2021,Tuesday
20210127,27,1,2021,Wednesday
20210128,28,1,2021,Thursday
20210129,29,1,2021,Friday
20210130,30,1,2021,Saturday
20210131,31,1,2021,Sunday
20210201,1,2,2021,Monday
20210202,2,2,2021,Tuesday
20210203,3,2,2021,Wednesday
20210204,4,2,2021,Thursday
20210205,5,2,2021,Friday
20210206,6,2,2021,Saturday
20210207,7,2,2021,Sunday
20210208,8,2,2021,Monday
20210209,9,2,2021,Tuesday
20210210,10,2,2021,Wednesday
20210211,11,2,2021,Thursday
20210212,12,2,2021,Friday
20210213,13,2,2021,Saturday
20210214,14,2,2021,Sunday
20210215,15,2,2021,Monday
20210216,16,2,2021,Tuesday
20210217,17,2,2021,Wednesday
20210218,18,2,2021,Thursday
20210219,19,2,2021,Friday
20210220,20,2,2021,Saturday
20210221,21,2,2021,Sunday
20210222,22,2,2021,Monday
20210223,23,2,2021,Tuesday
20210224,24,2,2021,Wednesday
20210225,25,2,2021,Thursday
20210226,26,2,2021,Friday
20210227,27,2,2021,Saturday
20210228,28,2,2021,Sunday
20210301,1,3,2021,Monday
20210302,2,3,2021,Tuesday
20210303,3,3,2021,Wednesday
20210304,4,3,2021,Thursday
20210305,5,3,2021,Friday
20210306,6,3,2021,Saturday
20210307,7,3,2021,Sunday
20210308,8,3,2021,Monday
20210309,9,3,2021,Tuesday
20210310,10,3,2021,Wednesday
20210311,11,3,2021,Thursday
20210312,12,3,2021,Friday
20210313,13,3,2021,Saturday
20210314,14,3,2021,Sunday
20210315,15,3,2021,Monday
20210316,16,3,2021,Tuesday
20210317,17,3,2021,Wednesday
20210318,18,3,2021,Thursday
20210319,19,3,2021,Friday
20210320,20,3,2021,Saturday
20210321,21,3,2021,Sunday
20210322,22,3,2021,Monday
20210323,23,3,2021,Tuesday
20210324,24,3,2021,Wednesday
20210325,25,3,2021,Thursday
20210326,26,3,2021,Friday
20210327,27,3,2021,Saturday
20210328,28,3,2021,Sunday
20210329,29,3,2021,Monday
20210330,30,3,2021,Tuesday
20210331,31,3,2021,Wednesday
20210401,1,4,2021,Thursday
20210402,2,4,2021,Friday
20210403,3,4,2021,Saturday
20210404,4,4,2021,Sunday
20210405,5,4,2021,Monday
20210406,6,4,2021,Tuesday
20210407,7,4,2021,Wednesday
20210408,8,4,2021,Thursday
20210409,9,4,2021,Friday
20210410,10,4,2021,Saturday
20210411,11,4,2021,Sunday
20210412,12,4,2021,Monday
20210413,13,4,2021,Tuesday
20210414,14,4,2021,Wednesday
20210415,15,4,2021,Thursday
20210416,16,4,2021,Friday
20210417,17,4,2021,Saturday
20210418,18,4,2021,Sunday
20210419,19,4,2021,Monday
20210420,20,4,2021,Tuesday
20210421,21,4,2021,Wednesday
20210422,22,4,2021,Thursday
20210423,23,4,2021,Friday
20210424,24,4,2021,Saturday
20210425,25,4,2021,Sunday
20210426,26,4,2021,Monday
20210427,27,4,2021,Tuesday
20210428,28,4,2021,Wednesday
20210429,29,4,2021,Thursday
20210430,30,4,2021,Friday
20210501,1,5,2021,Saturday
20210502,2,5,2021,Sunday
20210503,3,5,2021,Monday
20210504,4,5,2021,Tuesday
20210505,5,5,2021,Wednesday
20210506,6,5,2021,Thursday
20210507,7,5,2021,Friday
20210508,8,5,2021,Saturday
20210509,9,5,2021,Sunday
20210510,10,5,2021,Monday
20210511,11,5,2021,Tuesday
20210512,12,5,2021,Wednesday
20210513,13,5,2021,Thursday
20210514,14,5,2021,Friday
20210515,15,5,2021,Saturday
20210516,16,5,2021,Sunday
20210517,17,5,2021,Monday
20210518,18,5,2021,Tuesday
20210519,19,5,2021,Wednesday
20210520,20,5,2021,Thursday
20210521,21,5,2021,Friday
20210522,22,5,2021,Saturday
20210523,23,5,2021,Sunday
20210524,24,5,2021,Monday
20210525,25,5,2021,Tuesday
20210526,26,5,2021,Wednesday
20210527,27,5,2021,Thursday
20210528,28,5,2021,Friday
20210529,29,5,2021,Saturday
20210530,30,5,2021,Sunday
20210531,31,5,2021,Monday
20210601,1,6,2021,Tuesday
20210602,2,6,2021,Wednesday
20210603,3,6,2021,Thursday
20210604,4,6,2021,Friday
20210605,5,6,2021,Saturday
20210606,6,6,2021,Sunday
20210607,7,6,2021,Monday
20210608,8,6,2021,Tuesday
20210609,9,6,2021,Wednesday
20210610,10,6,2021,Thursday
20210611,11,6,2021,Friday
20210612,12,6,2021,Saturday
20210613,13,6,2021,Sunday
20210614,14,6,2021,Monday
20210615,15,6,2021,Tuesday
20210616,16,6,2021,Wednesday
20210617,17,6,2021,Thursday
20210618,18,6,2021,Friday
20210619,19,6,2021,Saturday
20210620,20,6,2021,Sunday
20210621,21,6,2021,Monday
20210622,22,6,2021,Tuesday
20210623,23,6,2021,Wednesday
20210624,24,6,2021,Thursday
20210625,25,6,2021,Friday
20210626,26,6,2021,Saturday
20210627,27,6,2021,Sunday
20210628,28,6,2021,Monday
20210629,29,6,2021,Tuesday
20210630,30,6,2021,Wednesday
20210701,1,7,2021,Thursday
20210702,2,7,2021,Friday
20210703,3,7,2021,Saturday
20210704,4,7,2021,Sunday
20210705,5,7,2021,Monday
20210706,6,7,2021,Tuesday
20210707,7,7,2021,Wednesday
20210708,8,7,2021,Thursday
20210709,9,7,2021,Friday
20210710,10,7,2021,Saturday
20210711,11,7,2021,Sunday
20210712,12,7,2021,Monday
20210713,13,7,2021,Tuesday
20210714,14,7,2021,Wednesday
20210715,15,7,2021,Thursday
20210716,16,7,2021,Friday
20210717,17,7,2021,Saturday
20210718,18,7,2021,Sunday
20210719,19,7,2021,Monday
20210720,20,7,2021,Tuesday
20210721,21,7,2021,Wednesday
20210722,22,7,2021,Thursday
20210723,23,7,2021,Friday
20210724,24,7,2021,Saturday
20210725,25,7,2021,Sunday
20210726,26,7,2021,Monday
20210727,27,7,2021,Tuesday
20210728,28,7,2021,Wednesday
20210729,29,7,2021,Thursday
20210730,30,7,2021,Friday
20210731,31,7,2021,Saturday
20210801,1,8,2021,Sunday
20210802,2,8,2021,Monday
20210803,3,8,2021,Tuesday
20210804,4,8,2021,Wednesday
20210805,5,8,2021,Thursday
20210806,6,8,2021,Friday
20210807,7,8,2021,Saturday
20210808,8,8,2021,Sunday
20210809,9,8,2021,Monday
20210810,10,8,2021,Tuesday
20210811,11,8,2021,Wednesday
20210812,12,8,2021,Thursday
20210813,13,8,2021,Friday
20210814,14,8,2021,Saturday
20210815,15,8,2021,Sunday
20210816,16,8,2021,Monday
20210817,17,8,2021,Tuesday
20210818,18,8,2021,Wednesday
20210819,19,8,2021,Thursday
20210820,20,8,2021,Friday
20210821,21,8,2021,Saturday
20210822,22,8,2021,Sunday
20210823,23,8,2021,Monday
20210824,24,8,2021,Tuesday
20210825,25,8,2021,Wednesday
20210826,26,8,2021,Thursday
20210827,27,8,2021,Friday
20210828,28,8,2021,Saturday
20210829,29,8,2021,Sunday
20210830,30,8,2021,Monday
20210831,31,8,2021,Tuesday
20210901,1,9,2021,Wednesday
20210902,2,9,2021,Thursday
20210903,3,9,2021,Friday
20210904,4,9,2021,Saturday
20210905,5,9,2021,Sunday
20210906,6,9,2021,Monday
20210907,7,9,2021,Tuesday
20210908,8,9,2021,Wednesday
20210909,9,9,2021,Thursday
20210910,10,9,2021,Friday
20210911,11,9,2021,Saturday
20210912,12,9,2021,Sunday
20210913,13,9,2021,Monday
20210914,14,9,2021,Tuesday
20210915,15,9,2021,Wednesday
20210916,16,9,2021,Thursday
20210917,17,9,2021,Friday
20210918,18,9,2021,Saturday
20210919,19,9,2021,Sunday
20210920,20,9,2021,Monday
20210921,21,9,2021,Tuesday
20210922,22,9,2021,Wednesday
20210923,23,9,2021,Thursday
20210924,24,9,2021,Friday
20210925,25,9,2021,Saturday
20210926,26,9,2021,Sunday
20210927,27,9,2021,Monday
20210928,28,9,2021,Tuesday
20210929,29,9,2021,Wednesday
20210930,30,9,2021,Thursday
20211001,1,10,2021,Friday
20211002,2,10,2021,Saturday
20211003,3,10,2021,Sunday
20211004,4,10,2021,Monday
20211005,5,10,2021,Tuesday
20211006,6,10,2021,Wednesday
20211007,7,10,2021,Thursday
20211008,8,10,2021,Friday
20211009,9,10,2021,Saturday
20211010,10,10,2021,Sunday
20211011,11,10,2021,Monday
20211012,12,10,2021,Tuesday
20211013,13,10,2021,Wednesday
20211014,14,10,2021,Thursday
20211015,15,10,2021,Friday
20211016,16,10,2021,Saturday
20211017,17,10,2021,Sunday
20211018,18,10,2021,Monday
20211019,19,10,2021,Tuesday
20211020,20,10,2021,Wednesday
20211021,21,10,2021,Thursday
20211022,22,10,2021,Friday
20211023,23,10,2021,Saturday
20211024,24,10,2021,Sunday
20211025,25,10,2021,Monday
20211026,26,10,2021,Tuesday
20211027,27,10,2021,Wednesday
20211028,28,10,2021,Thursday
20211029,29,10,2021,Friday
20211030,30,10,2021,Saturday
20211031,31,10,2021,Sunday
20211101,1,11,2021,Monday
20211102,2,11,2021,Tuesday
20211103,3,11,2021,Wednesday
20211104,4,11,2021,Thursday
20211105,5,11,2021,Friday
20211106,6,11,2021,Saturday
20211107,7,11,2021,Sunday
20211108,8,11,2021,Monday
20211109,9,11,2021,Tuesday
20211110,10,11,2021,Wednesday
20211111,11,11,2021,Thursday
20211112,12,11,2021,Friday
20211113,13,11,2021,Saturday
20211114,14,11,2021,Sunday
20211115,15,11,2021,Monday
20211116,16,11,2021,Tuesday
20211117,17,11,2021,Wednesday
20211118,18,11,2021,Thursday
20211119,19,11,2021,Friday
20211120,20,11,2021,Saturday
20211121,21,11,2021,Sunday
20211122,22,11,2021,Monday
20211123,23,11,2021,Tuesday
20211124,24,11,2021,Wednesday
20211125,25,11,2021,Thursday
20211126,26,11,2021,Friday
20211127,27,11,2021,Saturday
20211128,28,11,2021,Sunday
20211129,29,11,2021,Monday
20211130,30,11,2021,Tuesday
20211201,1,12,2021,Wednesday
20211202,2,12,2021,Thursday
20211203,3,12,2021,Friday
20211204,4,12,2021,Saturday
20211205,5,12,2021,Sunday
20211206,6,12,2021,Monday
20211207,7,12,2021,Tuesday
20211208,8,12,2021,Wednesday
20211209,9,12,2021,Thursday
20211210,10,12,2021,Friday
20211211,11,12,2021,Saturday
20211212,12,12,2021,Sunday
20211213,13,12,2021,Monday
20211214,14,12,2021,Tuesday
20211215,15,12,2021,Wednesday
20211216,16,12,2021,Thursday
20211217,17,12,2021,Friday
20211218,18,12,2021,Saturday
20211219,19,12,2021,Sunday
20211220,20,12,2021,Monday
20211221,21,12,2021,Tuesday
20211222,22,12,2021,Wednesday
20211223,23,12,2021,Thursday
20211224,24,12,2021,Friday
20211225,25,12,2021,Saturday
20211226,26,12,2021,Sunday
20211227,27,12,2021,Monday
20211228,28,12,2021,Tuesday
20211229,29,12,2021,Wednesday
20211230,30,12,2021,Thursday
20211231,31,12,2021,Friday
20220101,1,1,2022,Saturday
20220102,2,1,2022,Sunday
20220103,3,1,2022,Monday
20220104,4,1,2022,Tuesday
20220105,5,1,2022,Wednesday
20220106,6,1,2022,Thursday
20220107,7,1,2022,Friday
20220108,8,1,2022,Saturday
20220109,9,1,2022,Sunday
20220110,10,1,2022,Monday
20220111,11,1,2022,Tuesday
20220112,12,1,2022,Wednesday
20220113,13,1,2022,Thursday
20220114,14,1,2022,Friday
20220115,15,1,2022,Saturday
20220116,16,1,2022,Sunday
20220117,17,1,2022,Monday
20220118,18,1,2022,Tuesday
20220119,19,1,2022,Wednesday
20220120,20,1,2022,Thursday
20220121,21,1,2022,Friday
20220122,22,1,2022,Saturday
20220123,23,1,2022,Sunday
20220124,24,1,2022,Monday
20220125,25,1,2022,Tuesday
20220126,26,1,2022,Wednesday
20220127,27,1,2022,Thursday
20220128,28,1,2022,Friday
20220129,29,1,2022,Saturday
20220130,30,1,2022,Sunday
20220131,31,1,2022,Monday
20220201,1,2,2022,Tuesday
20220202,2,2,2022,Wednesday
20220203,3,2,2022,Thursday
20220204,4,2,2022,Friday
20220205,5,2,2022,Saturday
20220206,6,2,2022,Sunday
20220207,7,2,2022,Monday
20220208,8,2,2022,Tuesday
20220209,9,2,2022,Wednesday
20220210,10,2,2022,Thursday
20220211,11,2,2022,Friday
20220212,12,2,2022,Saturday
20220213,13,2,2022,Sunday
20220214,14,2,2022,Monday
20220215,15,2,2022,Tuesday
20220216,16,2,2022,Wednesday
20220217,17,2,2022,Thursday
20220218,18,2,2022,Friday
20220219,19,2,2022,Saturday
20220220,20,2,2022,Sunday
20220221,21,2,2022,Monday
20220222,22,2,2022,Tuesday
20220223,23,2,2022,Wednesday
20220224,24,2,2022,Thursday
20220225,25,2,2022,Friday
20220226,26,2,2022,Saturday
20220227,27,2,2022,Sunday
20220228,28,2,2022,Monday
20220301,1,3,2022,Tuesday
20220302,2,3,2022,Wednesday
20220303,3,3,2022,Thursday
20220304,4,3,2022,Friday
20220305,5,3,2022,Saturday
20220306,6,3,2022,Sunday
20220307,7,3,2022,Monday
20220308,8,3,2022,Tuesday
20220309,9,3,2022,Wednesday
20220310,10,3,2022,Thursday
20220311,11,3,2022,Friday
20220312,12,3,2022,Saturday
20220313,13,3,2022,Sunday
20220314,14,3,2022,Monday
20220315,15,3,2022,Tuesday
20220316,16,3,2022,Wednesday
20220317,17,3,2022,Thursday
20220318,18,3,2022,Friday
20220319,19,3,2022,Saturday
20220320,20,3,2022,Sunday
20220321,21,3,2022,Monday
20220322,22,3,2022,Tuesday
20220323,23,3,2022,Wednesday
20220324,24,3,2022,Thursday
20220325,25,3,2022,Friday
20220326,26,3,2022,Saturday
20220327,27,3,2022,Sunday
20220328,28,3,2022,Monday
20220329,29,3,2022,Tuesday
20220330,30,3,2022,Wednesday
20220331,31,3,2022,Thursday
20220401,1,4,2022,Friday
20220402,2,4,2022,Saturday
20220403,3,4,2022,Sunday
20220404,4,4,2022,Monday
20220405,5,4,2022,Tuesday
20220406,6,4,2022,Wednesday
20220407,7,4,2022,Thursday
20220408,8,4,2022,Friday
20220409,9,4,2022,Saturday
20220410,10,4,2022,Sunday
20220411,11,4,2022,Monday
20220412,12,4,2022,Tuesday
20220413,13,4,2022,Wednesday
20220414,14,4,2022,Thursday
20220415,15,4,2022,Friday
20220416,16,4,2022,Saturday
20220417,17,4,2022,Sunday
20220418,18,4,2022,Monday
20220419,19,4,2022,Tuesday
20220420,20,4,2022,Wednesday
20220421,21,4,2022,Thursday
20220422,22,4,2022,Friday
20220423,23,4,2022,Saturday
20220424,24,4,2022,Sunday
20220425,25,4,2022,Monday
20220426,26,4,2022,Tuesday
20220427,27,4,2022,Wednesday
20220428,28,4,2022,Thursday
20220429,29,4,2022,Friday
20220430,30,4,2022,Saturday
20220501,1,5,2022,Sunday
20220502,2,5,2022,Monday
20220503,3,5,2022,Tuesday
20220504,4,5,2022,Wednesday
20220505,5,5,2022,Thursday
20220506,6,5,2022,Friday
20220507,7,5,2022,Saturday
20220508,8,5,2022,Sunday
20220509,9,5,2022,Monday
20220510,10,5,2022,Tuesday
20220511,11,5,2022,Wednesday
20220512,12,5,2022,Thursday
20220513,13,5,2022,Friday
20220514,14,5,2022,Saturday
20220515,15,5,2022,Sunday
20220516,16,5,2022,Monday
20220517,17,5,2022,Tuesday
20220518,18,5,2022,Wednesday
20220519,19,5,2022,Thursday
20220520,20,5,2022,Friday
20220521,21,5,2022,Saturday
20220522,22,5,2022,Sunday
20220523,23,5,2022,Monday
20220524,24,5,2022,Tuesday
20220525,25,5,2022,Wednesday
20220526,26,5,2022,Thursday
20220527,27,5,2022,Friday
20220528,28,5,2022,Saturday
20220529,29,5,2022,Sunday
20220530,30,5,2022,Monday
20220531,31,5,2022,Tuesday
20220601,1,6,2022,Wednesday
20220602,2,6,2022,Thursday
20220603,3,6,2022,Friday
20220604,4,6,2022,Saturday
20220605,5,6,2022,Sunday
20220606,6,6,2022,Monday
20220607,7,6,2022,Tuesday
20220608,8,6,2022,Wednesday
20220609,9,6,2022,Thursday
20220610,10,6,2022,Friday
20220611,11,6,2022,Saturday
20220612,12,6,2022,Sunday
20220613,13,6,2022,Monday
20220614,14,6,2022,Tuesday
20220615,15,6,2022,Wednesday
20220616,16,6,2022,Thursday
20220617,17,6,2022,Friday
20220618,18,6,2022,Saturday
20220619,19,6,2022,Sunday
20220620,20,6,2022,Monday
20220621,21,6,2022,Tuesday
20220622,22,6,2022,Wednesday
20220623,23,6,2022,Thursday
20220624,24,6,2022,Friday
20220625,25,6,2022,Saturday
20220626,26,6,2022,Sunday
20220627,27,6,2022,Monday
20220628,28,6,2022,Tuesday
20220629,29,6,2022,Wednesday
20220630,30,6,2022,Thursday
20220701,1,7,2022,Friday
20220702,2,7,2022,Saturday
20220703,3,7,2022,Sunday
20220704,4,7,2022,Monday
20220705,5,7,2022,Tuesday
20220706,6,7,2022,Wednesday
20220707,7,7,2022,Thursday
20220708,8,7,2022,Friday
20220709,9,7,2022,Saturday
20220710,10,7,2022,Sunday
20220711,11,7,2022,Monday
20220712,12,7,2022,Tuesday
20220713,13,7,2022,Wednesday
20220714,14,7,2022,Thursday
20220715,15,7,2022,Friday
20220716,16,7,2022,Saturday
20220717,17,7,2022,Sunday
20220718,18,7,2022,Monday
20220719,19,7,2022,Tuesday
20220720,20,7,2022,Wednesday
20220721,21,7,2022,Thursday
20220722,22,7,2022,Friday
20220723,23,7,2022,Saturday
20220724,24,7,2022,Sunday
20220725,25,7,2022,Monday
20220726,26,7,2022,Tuesday
20220727,27,7,2022,Wednesday
20220728,28,7,2022,Thursday
20220729,29,7,2022,Friday
20220730,30,7,2022,Saturday
20220731,31,7,2022,Sunday
20220801,1,8,2022,Monday
20220802,2,8,2022,Tuesday
20220803,3,8,2022,Wednesday
20220804,4,8,2022,Thursday
20220805,5,8,2022,Friday
20220806,6,8,2022,Saturday
20220807,7,8,2022,Sunday
20220808,8,8,2022,Monday
20220809,9,8,2022,Tuesday
20220810,10,8,2022,Wednesday
20220811,11,8,2022,Thursday
20220812,12,8,2022,Friday
20220813,13,8,2022,Saturday
20220814,14,8,2022,Sunday
20220815,15,8,2022,Monday
20220816,16,8,2022,Tuesday
20220817,17,8,2022,Wednesday
20220818,18,8,2022,Thursday
20220819,19,8,2022,Friday
20220820,20,8,2022,Saturday
20220821,21,8,2022,Sunday
20220822,22,8,2022,Monday
20220823,23,8,2022,Tuesday
20220824,24,8,2022,Wednesday
20220825,25,8,2022,Thursday
20220826,26,8,2022,Friday
20220827,27,8,2022,Saturday
20220828,28,8,2022,Sunday
20220829,29,8,2022,Monday
20220830,30,8,2022,Tuesday
20220831,31,8,2022,Wednesday
20220901,1,9,2022,Thursday
20220902,2,9,2022,Friday
20220903,3,9,2022,Saturday
20220904,4,9,2022,Sunday
20220905,5,9,2022,Monday
20220906,6,9,2022,Tuesday
20220907,7,9,2022,Wednesday
20220908,8,9,2022,Thursday
20220909,9,9,2022,Friday
20220910,10,9,2022,Saturday
20220911,11,9,2022,Sunday
20220912,12,9,2022,Monday
20220913,13,9,2022,Tuesday
20220914,14,9,2022,Wednesday
20220915,15,9,2022,Thursday
20220916,16,9,2022,Friday
20220917,17,9,2022,Saturday
20220918,18,9,2022,Sunday
20220919,19,9,2022,Monday
20220920,20,9,2022,Tuesday
20220921,21,9,2022,Wednesday
20220922,22,9,2022,Thursday
20220923,23,9,2022,Friday
20220924,24,9,2022,Saturday
20220925,25,9,2022,Sunday
20220926,26,9,2022,Monday
20220927,27,9,2022,Tuesday
20220928,28,9,2022,Wednesday
20220929,29,9,2022,Thursday
20220930,30,9,2022,Friday
20221001,1,10,2022,Saturday
20221002,2,10,2022,Sunday
20221003,3,10,2022,Monday
20221004,4,10,2022,Tuesday
20221005,5,10,2022,Wednesday
20221006,6,10,2022,Thursday
20221007,7,10,2022,Friday
20221008,8,10,2022,Saturday
20221009,9,10,2022,Sunday
20221010,10,10,2022,Monday
20221011,11,10,2022,Tuesday
20221012,12,10,2022,Wednesday
20221013,13,10,2022,Thursday
20221014,14,10,2022,Friday
20221015,15,10,2022,Saturday
20221016,16,10,2022,Sunday
20221017,17,10,2022,Monday
20221018,18,10,2022,Tuesday
20221019,19,10,2022,Wednesday
20221020,20,10,2022,Thursday
20221021,21,10,2022,Friday
20221022,22,10,2022,Saturday
20221023,23,10,2022,Sunday
20221024,24,10,2022,Monday
20221025,25,10,2022,Tuesday
20221026,26,10,2022,Wednesday
20221027,27,10,2022,Thursday
20221028,28,10,2022,Friday
20221029,29,10,2022,Saturday
20221030,30,10,2022,Sunday
20221031,31,10,2022,Monday
20221101,1,11,2022,Tuesday
20221102,2,11,2022,Wednesday
20221103,3,11,2022,Thursday
20221104,4,11,2022,Friday
20221105,5,11,2022,Saturday
20221106,6,11,2022,Sunday
20221107,7,11,2022,Monday
20221108,8,11,2022,Tuesday
20221109,9,11,2022,Wednesday
20221110,10,11,2022,Thursday
20221111,11,11,2022,Friday
20221112,12,11,2022,Saturday
20221113,13,11,2022,Sunday
20221114,14,11,2022,Monday
20221115,15,11,2022,Tuesday
20221116,16,11,2022,Wednesday
20221117,17,11,2022,Thursday
20221118,18,11,2022,Friday
20221119,19,11,2022,Saturday
20221120,20,11,2022,Sunday
20221121,21,11,2022,Monday
20221122,22,11,2022,Tuesday
20221123,23,11,2022,Wednesday
20221124,24,11,2022,Thursday
20221125,25,11,2022,Friday
20221126,26,11,2022,Saturday
20221127,27,11,2022,Sunday
20221128,28,11,2022,Monday
20221129,29,11,2022,Tuesday
20221130,30,11,2022,Wednesday
20221201,1,12,2022,Thursday
20221202,2,12,2022,Friday
20221203,3,12,2022,Saturday
20221204,4,12,2022,Sunday
20221205,5,12,2022,Monday
20221206,6,12,2022,Tuesday
20221207,7,12,2022,Wednesday
20221208,8,12,2022,Thursday
20221209,9,12,2022,Friday
20221210,10,12,2022,Saturday
20221211,11,12,2022,Sunday
20221212,12,12,2022,Monday
20221213,13,12,2022,Tuesday
20221214,14,12,2022,Wednesday
20221215,15,12,2022,Thursday
20221216,16,12,2022,Friday
20221217,17,12,2022,Saturday
20221218,18,12,2022,Sunday
20221219,19,12,2022,Monday
20221220,20,12,2022,Tuesday
20221221,21,12,2022,Wednesday
20221222,22,12,2022,Thursday
20221223,23,12,2022,Friday
20221224,24,12,2022,Saturday
20221225,25,12,2022,Sunday
20221226,26,12,2022,Monday
20221227,27,12,2022,Tuesday
20221228,28,12,2022,Wednesday
20221229,29,12,2022,Thursday
20221230,30,12,2022,Friday
20221231,31,12,2022,Saturday
20230101,1,1,2023,Sunday
20230102,2,1,2023,Monday
20230103,3,1,2023,Tuesday
20230104,4,1,2023,Wednesday
20230105,5,1,2023,Thursday
20230106,6,1,2023,Friday
20230107,7,1,2023,Saturday
20230108,8,1,2023,Sunday
20230109,9,1,2023,Monday
20230110,10,1,2023,Tuesday
20230111,11,1,2023,Wednesday
20230112,12,1,2023,Thursday
20230113,13,1,2023,Friday
20230114,14,1,2023,Saturday
20230115,15,1,2023,Sunday
20230116,16,1,2023,Monday
20230117,17,1,2023,Tuesday
20230118,18,1,2023,Wednesday
20230119,19,1,2023,Thursday
20230120,20,1,2023,Friday
20230121,21,1,2023,Saturday
20230122,22,1,2023,Sunday
20230123,23,1,2023,Monday
20230124,24,1,2023,Tuesday
20230125,25,1,2023,Wednesday
20230126,26,1,2023,Thursday
20230127,27,1,2023,Friday
20230128,28,1,2023,Saturday
20230129,29,1,2023,Sunday
20230130,30,1,2023,Monday
20230131,31,1,2023,Tuesday
20230201,1,2,2023,Wednesday
20230202,2,2,2023,Thursday
20230203,3,2,2023,Friday
20230204,4,2,2023,Saturday
20230205,5,2,2023,Sunday
20230206,6,2,2023,Monday
20230207,7,2,2023,Tuesday
20230208,8,2,2023,Wednesday
20230209,9,2,2023,Thursday
20230210,10,2,2023,Friday
20230211,11,2,2023,Saturday
20230212,12,2,2023,Sunday
20230213,13,2,2023,Monday
20230214,14,2,2023,Tuesday
20230215,15,2,2023,Wednesday
20230216,16,2,2023,Thursday
20230217,17,2,2023,Friday
20230218,18,2,2023,Saturday
20230219,19,2,2023,Sunday
20230220,20,2,2023,Monday
20230221,21,2,2023,Tuesday
20230222,22,2,2023,Wednesday
20230223,23,2,2023,Thursday
20230224,24,2,2023,Friday
20230225,25,2,2023,Saturday
20230226,26,2,2023,Sunday
20230227,27,2,2023,Monday
20230228,28,2,2023,Tuesday
20230301,1,3,2023,Wednesday
20230302,2,3,2023,Thursday
20230303,3,3,2023,Friday
20230304,4,3,2023,Saturday
20230305,5,3,2023,Sunday
20230306,6,3,2023,Monday
20230307,7,3,2023,Tuesday
20230308,8,3,2023,Wednesday
20230309,9,3,2023,Thursday
20230310,10,3,2023,Friday
20230311,11,3,2023,Saturday
20230312,12,3,2023,Sunday
20230313,13,3,2023,Monday
20230314,14,3,2023,Tuesday
20230315,15,3,2023,Wednesday
20230316,16,3,2023,Thursday
20230317,17,3,2023,Friday
20230318,18,3,2023,Saturday
20230319,19,3,2023,Sunday
20230320,20,3,2023,Monday
20230321,21,3,2023,Tuesday
20230322,22,3,2023,Wednesday
20230323,23,3,2023,Thursday
20230324,24,3,2023,Friday
20230325,25,3,2023,Saturday
20230326,26,3,2023,Sunday
20230327,27,3,2023,Monday
20230328,28,3,2023,Tuesday
20230329,29,3,2023,Wednesday
20230330,30,3,2023,Thursday
20230331,31,3,2023,Friday
20230401,1,4,2023,Saturday
20230402,2,4,2023,Sunday
20230403,3,4,2023,Monday
20230404,4,4,2023,Tuesday
20230405,5,4,2023,Wednesday
20230406,6,4,2023,Thursday
20230407,7,4,2023,Friday
20230408,8,4,2023,Saturday
20230409,9,4,2023,Sunday
20230410,10,4,2023,Monday
20230411,11,4,2023,Tuesday
20230412,12,4,2023,Wednesday
20230413,13,4,2023,Thursday
20230414,14,4,2023,Friday
20230415,15,4,2023,Saturday
20230416,16,4,2023,Sunday
20230417,17,4,2023,Monday
20230418,18,4,2023,Tuesday
20230419,19,4,2023,Wednesday
20230420,20,4,2023,Thursday
20230421,21,4,2023,Friday
20230422,22,4,2023,Saturday
20230423,23,4,2023,Sunday
20230424,24,4,2023,Monday
20230425,25,4,2023,Tuesday
20230426,26,4,2023,Wednesday
20230427,27,4,2023,Thursday
20230428,28,4,2023,Friday
20230429,29,4,2023,Saturday
20230430,30,4,2023,Sunday
20230501,1,5,2023,Monday
20230502,2,5,2023,Tuesday
20230503,3,5,2023,Wednesday
20230504,4,5,2023,Thursday
20230505,5,5,2023,Friday
20230506,6,5,2023,Saturday
20230507,7,5,2023,Sunday
20230508,8,5,2023,Monday
20230509,9,5,2023,Tuesday
20230510,10,5,2023,Wednesday
20230511,11,5,2023,Thursday
20230512,12,5,2023,Friday
20230513,13,5,2023,Saturday
20230514,14,5,2023,Sunday
20230515,15,5,2023,Monday
20230516,16,5,2023,Tuesday
20230517,17,5,2023,Wednesday
20230518,18,5,2023,Thursday
20230519,19,5,2023,Friday
20230520,20,5,2023,Saturday
20230521,21,5,2023,Sunday
20230522,22,5,2023,Monday
20230523,23,5,2023,Tuesday
20230524,24,5,2023,Wednesday
20230525,25,5,2023,Thursday
20230526,26,5,2023,Friday
20230527,27,5,2023,Saturday
20230528,28,5,2023,Sunday
20230529,29,5,2023,Monday
20230530,30,5,2023,Tuesday
20230531,31,5,2023,Wednesday
20230601,1,6,2023,Thursday
20230602,2,6,2023,Friday
20230603,3,6,2023,Saturday
20230604,4,6,2023,Sunday
20230605,5,6,2023,Monday
20230606,6,6,2023,Tuesday
20230607,7,6,2023,Wednesday
20230608,8,6,2023,Thursday
20230609,9,6,2023,Friday
20230610,10,6,2023,Saturday
20230611,11,6,2023,Sunday
20230612,12,6,2023,Monday
20230613,13,6,2023,Tuesday
20230614,14,6,2023,Wednesday
20230615,15,6,2023,Thursday
20230616,16,6,2023,Friday
20230617,17,6,2023,Saturday
20230618,18,6,2023,Sunday
20230619,19,6,2023,Monday
20230620,20,6,2023,Tuesday
20230621,21,6,2023,Wednesday
20230622,22,6,2023,Thursday
20230623,23,6,2023,Friday
20230624,24,6,2023,Saturday
20230625,25,6,2023,Sunday
20230626,26,6,2023,Monday
20230627,27,6,2023,Tuesday
20230628,28,6,2023,Wednesday
20230629,29,6,2023,Thursday
20230630,30,6,2023,Friday
20230701,1,7,2023,Saturday
20230702,2,7,2023,Sunday
20230703,3,7,2023,Monday
20230704,4,7,2023,Tuesday
20230705,5,7,2023,Wednesday
20230706,6,7,2023,Thursday
20230707,7,7,2023,Friday
20230708,8,7,2023,Saturday
20230709,9,7,2023,Sunday
20230710,10,7,2023,Monday
20230711,11,7,2023,Tuesday
20230712,12,7,2023,Wednesday
20230713,13,7,2023,Thursday
20230714,14,7,2023,Friday
20230715,15,7,2023,Saturday
20230716,16,7,2023,Sunday
20230717,17,7,2023,Monday
20230718,18,7,2023,Tuesday
20230719,19,7,2023,Wednesday
20230720,20,7,2023,Thursday
20230721,21,7,2023,Friday
20230722,22,7,2023,Saturday
20230723,23,7,2023,Sunday
20230724,24,7,2023,Monday
20230725,25,7,2023,Tuesday
20230726,26,7,2023,Wednesday
20230727,27,7,2023,Thursday
20230728,28,7,2023,Friday
20230729,29,7,2023,Saturday
20230730,30,7,2023,Sunday
20230731,31,7,2023,Monday
20230801,1,8,2023,Tuesday
20230802,2,8,2023,Wednesday
20230803,3,8,2023,Thursday
20230804,4,8,2023,Friday
20230805,5,8,2023,Saturday
20230806,6,8,2023,Sunday
20230807,7,8,2023,Monday
20230808,8,8,2023,Tuesday
20230809,9,8,2023,Wednesday
20230810,10,8,2023,Thursday
20230811,11,8,2023,Friday
20230812,12,8,2023,Saturday
20230813,13,8,2023,Sunday
20230814,14,8,2023,Monday
20230815,15,8,2023,Tuesday
20230816,16,8,2023,Wednesday
20230817,17,8,2023,Thursday
20230818,18,8,2023,Friday
20230819,19,8,2023,Saturday
20230820,20,8,2023,Sunday
20230821,21,8,2023,Monday
20230822,22,8,2023,Tuesday
20230823,23,8,2023,Wednesday
20230824,24,8,2023,Thursday
20230825,25,8,2023,Friday
20230826,26,8,2023,Saturday
20230827,27,8,2023,Sunday
20230828,28,8,2023,Monday
20230829,29,8,2023,Tuesday
20230830,30,8,2023,Wednesday
20230831,31,8,2023,Thursday
20230901,1,9,2023,Friday
20230902,2,9,2023,Saturday
20230903,3,9,2023,Sunday
20230904,4,9,2023,Monday
20230905,5,9,2023,Tuesday
20230906,6,9,2023,Wednesday
20230907,7,9,2023,Thursday
20230908,8,9,2023,Friday
20230909,9,9,2023,Saturday
20230910,10,9,2023,Sunday
20230911,11,9,2023,Monday
20230912,12,9,2023,Tuesday
20230913,13,9,2023,Wednesday
20230914,14,9,2023,Thursday
20230915,15,9,2023,Friday
20230916,16,9,2023,Saturday
20230917,17,9,2023,Sunday
20230918,18,9,2023,Monday
20230919,19,9,2023,Tuesday
20230920,20,9,2023,Wednesday
20230921,21,9,2023,Thursday
20230922,22,9,2023,Friday
20230923,23,9,2023,Saturday
20230924,24,9,2023,Sunday
20230925,25,9,2023,Monday
20230926,26,9,2023,Tuesday
20230927,27,9,2023,Wednesday
20230928,28,9,2023,Thursday
20230929,29,9,2023,Friday
20230930,30,9,2023,Saturday
20231001,1,10,2023,Sunday
20231002,2,10,2023,Monday
20231003,3,10,2023,Tuesday
20231004,4,10,2023,Wednesday
20231005,5,10,2023,Thursday
20231006,6,10,2023,Friday
20231007,7,10,2023,Saturday
20231008,8,10,2023,Sunday
20231009,9,10,2023,Monday
20231010,10,10,2023,Tuesday
20231011,11,10,2023,Wednesday
20231012,12,10,2023,Thursday
20231013,13,10,2023,Friday
20231014,14,10,2023,Saturday
20231015,15,10,2023,Sunday
20231016,16,10,2023,Monday
20231017,17,10,2023,Tuesday
20231018,18,10,2023,Wednesday
20231019,19,10,2023,Thursday
20231020,20,10,2023,Friday
20231021,21,10,2023,Saturday
20231022,22,10,2023,Sunday
20231023,23,10,2023,Monday
20231024,24,10,2023,Tuesday
20231025,25,10,2023,Wednesday
20231026,26,10,2023,Thursday
20231027,27,10,2023,Friday
20231028,28,10,2023,Saturday
20231029,29,10,2023,Sunday
20231030,30,10,2023,Monday
20231031,31,10,2023,Tuesday
20231101,1,11,2023,Wednesday
20231102,2,11,2023,Thursday
20231103,3,11,2023,Friday
20231104,4,11,2023,Saturday
20231105,5,11,2023,Sunday
20231106,6,11,2023,Monday
20231107,7,11,2023,Tuesday
20231108,8,11,2023,Wednesday
20231109,9,11,2023,Thursday
20231110,10,11,2023,Friday
20231111,11,11,2023,Saturday
20231112,12,11,2023,Sunday
20231113,13,11,2023,Monday
20231114,14,11,2023,Tuesday
20231115,15,11,2023,Wednesday
20231116,16,11,2023,Thursday
20231117,17,11,2023,Friday
20231118,18,11,2023,Saturday
20231119,19,11,2023,Sunday
20231120,20,11,2023,Monday
20231121,21,11,2023,Tuesday
20231122,22,11,2023,Wednesday
20231123,23,11,2023,Thursday
20231124,24,11,2023,Friday
20231125,25,11,2023,Saturday
20231126,26,11,2023,Sunday
20231127,27,11,2023,Monday
20231128,28,11,2023,Tuesday
20231129,29,11,2023,Wednesday
20231130,30,11,2023,Thursday
20231201,1,12,2023,Friday
20231202,2,12,2023,Saturday
20231203,3,12,2023,Sunday
20231204,4,12,2023,Monday
20231205,5,12,2023,Tuesday
20231206,6,12,2023,Wednesday
20231207,7,12,2023,Thursday
20231208,8,12,2023,Friday
20231209,9,12,2023,Saturday
20231210,10,12,2023,Sunday
20231211,11,12,2023,Monday
20231212,12,12,2023,Tuesday
20231213,13,12,2023,Wednesday
20231214,14,12,2023,Thursday
20231215,15,12,2023,Friday
20231216,16,12,2023,Saturday
20231217,17,12,2023,Sunday
20231218,18,12,2023,Monday
20231219,19,12,2023,Tuesday
20231220,20,12,2023,Wednesday
20231221,21,12,2023,Thursday
20231222,22,12,2023,Friday
20231223,23,12,2023,Saturday
20231224,24,12,2023,Sunday
20231225,25,12,2023,Monday
20231226,26,12,2023,Tuesday
20231227,27,12,2023,Wednesday
20231228,28,12,2023,Thursday
20231229,29,12,2023,Friday
20231230,30,12,2023,Saturday
20231231,31,12,2023,Sunday